fire_id,mint,symbol,fire_time,entry_snapshot_ts,forward_snapshot_ts,entry_lag_sec,forward_lag_sec,price_at_fire,price_fwd_5m,r_forward_5m,label_source,label_quality
0b3102a0,7vfCXTUXx5WJV5JADk17DUJ4ksgau7utNKj4b963voxs,WETH,2026-03-11T02:00:00+00:00,2026-03-11T02:00:00+00:00,2026-03-11T02:05:00+00:00,0.0,0.0,2034.48,2036.21,0.00085,universe_snapshot,good
0b3102a0,EPuZ1X6pPzac3ELPsT59LStmgaSr4kBJvaAbL15Fpump,Distorted,2026-03-11T02:00:00+00:00,2026-03-11T02:00:00+00:00,2026-03-11T02:05:00+00:00,0.0,0.0,0.002143,0.002143,0.0,universe_snapshot,good
0b3102a0,5kPosFqLTMLibiiR5Jvch9veDhNhemiC1J3xgXyJpump,LOBSTER,2026-03-11T02:00:00+00:00,2026-03-11T02:00:00+00:00,2026-03-11T02:05:00+00:00,0.0,0.0,0.000136,0.000136,0.0,universe_snapshot,good
0b3102a0,4k3Dyjzvzp8eMZWUXbBCjEvwSkkk59S5iCNLY3QrkX6R,RAY,2026-03-11T02:00:00+00:00,2026-03-11T02:00:00+00:00,2026-03-11T02:05:00+00:00,0.0,0.0,0.596,0.5955,-0.000839,universe_snapshot,good
0b3102a0,GyL9u313funLmMWrMwxq9EaxMh481NEH9hqdbRQ8pump,MISSILE,2026-03-11T02:00:00+00:00,2026-03-11T02:00:00+00:00,2026-03-11T02:05:00+00:00,0.0,0.0,8.576e-05,8.576e-05,0.0,universe_snapshot,good
0b3102a0,3NZ9JMVBmGAqocybic2c7LQCJScmgsAZ6vQqTDzcqmJh,WBTC,2026-03-11T02:00:00+00:00,2026-03-11T02:00:00+00:00,2026-03-11T02:05:00+00:00,0.0,0.0,69911.16,69971.25,0.00086,universe_snapshot,good
0b3102a0,5P8KkW5jrqdsrhTRGEA91FKdao7CxCb2hJYzLGtCpump,SPACE,2026-03-11T02:00:00+00:00,2026-03-11T02:00:00+00:00,2026-03-11T02:05:00+00:00,0.0,0.0,0.0001477,0.0001477,0.0,universe_snapshot,good
0b3102a0,JUPyiwrYJFskUPiHa7hkeR8VUtAeFoSYbKedZNsDvCN,JUP,2026-03-11T02:00:00+00:00,2026-03-11T02:00:00+00:00,2026-03-11T02:05:00+00:00,0.0,0.0,0.1655,0.1655,0.0,universe_snapshot,good
0b3102a0,4D9jZY6nkXnm3ofmWWJVcJrvtXDMfE5Zwy8rZMy5pump,JEW,2026-03-11T02:00:00+00:00,2026-03-11T02:00:00+00:00,2026-03-11T02:05:00+00:00,0.0,0.0,0.0007269,0.0007269,0.0,universe_snapshot,good
0b3102a0,d4VnSVqaUBf3dTxUqdeD4L2ix3rvsEcis4kNv3npump,SIRI,2026-03-11T02:00:00+00:00,2026-03-11T02:00:00+00:00,2026-03-11T02:05:00+00:00,0.0,0.0,0.0001734,0.0001734,0.0,universe_snapshot,good
0b3102a0,C4yDhKwkikpVGCQWD9BT2SJyHAtRFFnKPDM9Nyshpump,Life,2026-03-11T02:00:00+00:00,2026-03-11T02:00:00+00:00,2026-03-11T02:05:00+00:00,0.0,0.0,0.000517,0.000517,0.0,universe_snapshot,good
0b3102a0,C9dJfTGUzhuqPWxh9mcDr66JZN4uzXh2gh9EWnEdpump,WAR,2026-03-11T02:00:00+00:00,2026-03-11T02:00:00+00:00,2026-03-11T02:05:00+00:00,0.0,0.0,0.02724,0.02724,0.0,universe_snapshot,good
0b3102a0,3guyMhp6p7USQUzwTYgXrKoer98rE398grT5RcPKpump,NemoClaw,2026-03-11T02:00:00+00:00,2026-03-11T02:00:00+00:00,2026-03-11T02:05:00+00:00,0.0,0.0,0.0001186,0.0001186,0.0,universe_snapshot,good
0b3102a0,mSoLzYCxHdYgdzU16g5QSh3i5K3z3KZK7ytfqcJm7So,mSOL,2026-03-11T02:00:00+00:00,2026-03-11T02:00:00+00:00,2026-03-11T02:05:00+00:00,0.0,0.0,116.83,116.83,0.0,universe_snapshot,good
0b3102a0,D5WomD9VJ5GAer4SxbfaXJt9aSq1H62rUmWGNKnzpump,NailPigeon,2026-03-11T02:00:00+00:00,2026-03-11T02:00:00+00:00,2026-03-11T02:05:00+00:00,0.0,0.0,8.194e-05,8.194e-05,0.0,universe_snapshot,good
0b3102a0,1D2jtKqeNxfQ2bqwyG5UuL2pHNB4gqnz7YMKYQqpump,MWO,2026-03-11T02:00:00+00:00,2026-03-11T02:00:00+00:00,2026-03-11T02:05:00+00:00,0.0,0.0,0.0003056,0.0003056,0.0,universe_snapshot,good
0b3102a0,ukHH6c7mMyiWCf1b9pnWe25TSpkDDt3H5pQZgZ74J82,BOME,2026-03-11T02:00:00+00:00,2026-03-11T02:00:00+00:00,2026-03-11T02:05:00+00:00,0.0,0.0,0.0004215,0.0004227,0.002847,universe_snapshot,good
0b3102a0,9BB6NFEcjBCtnNLFko2FqVQBq8HHM13kCyYcdQbgpump,Fartcoin ,2026-03-11T02:00:00+00:00,2026-03-11T02:00:00+00:00,2026-03-11T02:05:00+00:00,0.0,0.0,0.1548,0.1547,-0.000646,universe_snapshot,good
0b3102a0,DezXAZ8z7PnrnRJjz3wXBoRgixCa6xjnB7YaB1pPB263,Bonk,2026-03-11T02:00:00+00:00,2026-03-11T02:00:00+00:00,2026-03-11T02:05:00+00:00,0.0,0.0,5.938e-06,5.938e-06,0.0,universe_snapshot,good
0b3102a0,DTWgi6rxhB8vLLvduTjDxEE5L3UNy6rtePoV4tQgpump,1%,2026-03-11T02:00:00+00:00,2026-03-11T02:00:00+00:00,2026-03-11T02:05:00+00:00,0.0,0.0,9.908e-05,9.908e-05,0.0,universe_snapshot,good
0b3102a0,52nVoVk3BimAtvu2y9q1gnxqgR8pmjcc3v3byGnCuBa,SCUBA,2026-03-11T02:00:00+00:00,2026-03-11T02:00:00+00:00,2026-03-11T02:05:00+00:00,0.0,0.0,0.0004586,0.0004586,0.0,universe_snapshot,good
0b3102a0,8FSsdMVHLxbNqgWDDq2ihhKx69ja7QP6ZW5xy1Z8pump,5,2026-03-11T02:00:00+00:00,2026-03-11T02:00:00+00:00,2026-03-11T02:05:00+00:00,0.0,0.0,0.0001703,0.0001703,0.0,universe_snapshot,good
0b3102a0,DUr5rZAfYduvihaiyMnfqgnhqYWbPWJXvK954qyTpump,SOLINU,2026-03-11T02:00:00+00:00,2026-03-11T02:00:00+00:00,2026-03-11T02:05:00+00:00,0.0,0.0,0.0001182,0.0001182,0.0,universe_snapshot,good
0b3102a0,7oXNE1dbpHUp6dn1JF8pRgCtzfCy4P2FuBneWjZHpump,WhiteHouse,2026-03-11T02:00:00+00:00,2026-03-11T02:00:00+00:00,2026-03-11T02:05:00+00:00,0.0,0.0,0.0003385,0.0003385,0.0,universe_snapshot,good
0b3102a0,orcaEKTdK7LKz57vaAYr9QeNsVEPfiu6QeMU1kektZE,ORCA,2026-03-11T02:00:00+00:00,2026-03-11T02:00:00+00:00,2026-03-11T02:05:00+00:00,0.0,0.0,0.9375,0.9366,-0.00096,universe_snapshot,good
0b3102a0,89S7oVB4hui8ceJqhHreWB7fcxdthfvoB7z2pfJtpump,abcdefg,2026-03-11T02:00:00+00:00,2026-03-11T02:00:00+00:00,2026-03-11T02:05:00+00:00,0.0,0.0,0.0003474,0.0003474,0.0,universe_snapshot,good
0b3102a0,EKpQGSJtjMFqKZ9KQanSqYXRcF8fBopzLHYxdM65zcjm,$WIF,2026-03-11T02:00:00+00:00,2026-03-11T02:00:00+00:00,2026-03-11T02:05:00+00:00,0.0,0.0,0.1644,0.1642,-0.001217,universe_snapshot,good
0b3102a0,AywAYdNJnSLSXwKWYxDciPjqGRnwp4iZdQptuuQTpump,MICHI,2026-03-11T02:00:00+00:00,2026-03-11T02:00:00+00:00,2026-03-11T02:05:00+00:00,0.0,0.0,0.003304,0.003304,0.0,universe_snapshot,good
0b3102a0,766whddpsQHS8wy7viUfmuGPrMri1kgGMFwfZMdepump,MONA,2026-03-11T02:00:00+00:00,2026-03-11T02:00:00+00:00,2026-03-11T02:05:00+00:00,0.0,0.0,0.000407,0.000407,0.0,universe_snapshot,good
0b3102a0,5xyefUMWotwpymF16oTcZiRrv68bXeXne89RbYEHmTkT,69,2026-03-11T02:00:00+00:00,2026-03-11T02:00:00+00:00,2026-03-11T02:05:00+00:00,0.0,0.0,1.605e-05,1.605e-05,0.0,universe_snapshot,good
0b3102a0,9jpwUpdJV8y3Hg3Keg8FnYkEMFZ8HqNECqrmHHBVpump,HEHE,2026-03-11T02:00:00+00:00,2026-03-11T02:00:00+00:00,2026-03-11T02:05:00+00:00,0.0,0.0,8.401e-06,8.401e-06,0.0,universe_snapshot,good
0b3102a0,5LFvLupAoK5ahUreeSdG47MaK2p3GamxE6r1XZwmpump,PROP,2026-03-11T02:00:00+00:00,2026-03-11T02:00:00+00:00,2026-03-11T02:05:00+00:00,0.0,0.0,0.0001511,0.0001511,0.0,universe_snapshot,good
0b3102a0,A8C3xuqscfmyLrte3VmTqrAq8kgMASius9AFNANwpump,FWOG,2026-03-11T02:00:00+00:00,2026-03-11T02:00:00+00:00,2026-03-11T02:05:00+00:00,0.0,0.0,0.005816,0.005816,0.0,universe_snapshot,good
0b3102a0,Hqr34r4nmmejFQ1YCmiVMpTkvG4eYSFPTtDuWgefpump,BNKTO,2026-03-11T02:00:00+00:00,2026-03-11T02:00:00+00:00,2026-03-11T02:05:00+00:00,0.0,0.0,0.0001021,0.0001021,0.0,universe_snapshot,good
0b3102a0,HBVnKYMkJVHSqm4WcYisGzZhWG4ugwdUgXk7UVYypump,Human,2026-03-11T02:00:00+00:00,2026-03-11T02:00:00+00:00,2026-03-11T02:05:00+00:00,0.0,0.0,3.195e-05,3.195e-05,0.0,universe_snapshot,good
0b3102a0,2qEHjDLDLbuBgRYvsxhc5D6uDWAivNFZGan56P1tpump,Pnut ,2026-03-11T02:00:00+00:00,2026-03-11T02:00:00+00:00,2026-03-11T02:05:00+00:00,0.0,0.0,0.04447,0.04443,-0.000899,universe_snapshot,good
0b3102a0,Df6yfrKC8kZE3KNkrHERKzAetSxbrWeniQfyJY4Jpump,CHILLGUY,2026-03-11T02:00:00+00:00,2026-03-11T02:00:00+00:00,2026-03-11T02:05:00+00:00,0.0,0.0,0.009618,0.009624,0.000624,universe_snapshot,good
0b3102a0,HZ1JovNiVvGrGNiiYvEozEVgZ58xaU3RKwX8eACQBCt3,PYTH,2026-03-11T02:00:00+00:00,2026-03-11T02:00:00+00:00,2026-03-11T02:05:00+00:00,0.0,0.0,0.04616,0.04613,-0.00065,universe_snapshot,good
0b3102a0,5Y82ZXTCe8qGpvHurG1pyma416Cvg7oSAejJ4sXxpump,Sim,2026-03-11T02:00:00+00:00,2026-03-11T02:00:00+00:00,2026-03-11T02:05:00+00:00,0.0,0.0,1.603e-05,1.603e-05,0.0,universe_snapshot,good
0b3102a0,5LsptCQnV82SemsBbdXKowCpDpZGyRHHwqn3ATiApump,UXR,2026-03-11T02:00:00+00:00,2026-03-11T02:00:00+00:00,2026-03-11T02:05:00+00:00,0.0,0.0,6.268e-05,6.268e-05,0.0,universe_snapshot,good
3407b8a8,7vfCXTUXx5WJV5JADk17DUJ4ksgau7utNKj4b963voxs,WETH,2026-03-11T00:45:00+00:00,2026-03-11T00:45:00+00:00,2026-03-11T00:50:00+00:00,0.0,0.0,2029.64,2031.59,0.000961,universe_snapshot,good
3407b8a8,EPuZ1X6pPzac3ELPsT59LStmgaSr4kBJvaAbL15Fpump,Distorted,2026-03-11T00:45:00+00:00,2026-03-11T00:45:00+00:00,2026-03-11T00:50:00+00:00,0.0,0.0,0.001717,0.001717,0.0,universe_snapshot,good
3407b8a8,5kPosFqLTMLibiiR5Jvch9veDhNhemiC1J3xgXyJpump,LOBSTER,2026-03-11T00:45:00+00:00,2026-03-11T00:45:00+00:00,2026-03-11T00:50:00+00:00,0.0,0.0,0.0001361,0.0001361,0.0,universe_snapshot,good
3407b8a8,4k3Dyjzvzp8eMZWUXbBCjEvwSkkk59S5iCNLY3QrkX6R,RAY,2026-03-11T00:45:00+00:00,2026-03-11T00:45:00+00:00,2026-03-11T00:50:00+00:00,0.0,0.0,0.5955,0.5967,0.002015,universe_snapshot,good
3407b8a8,3NZ9JMVBmGAqocybic2c7LQCJScmgsAZ6vQqTDzcqmJh,WBTC,2026-03-11T00:45:00+00:00,2026-03-11T00:45:00+00:00,2026-03-11T00:50:00+00:00,0.0,0.0,69672.87,69766.71,0.001347,universe_snapshot,good
3407b8a8,5P8KkW5jrqdsrhTRGEA91FKdao7CxCb2hJYzLGtCpump,SPACE,2026-03-11T00:45:00+00:00,2026-03-11T00:45:00+00:00,2026-03-11T00:50:00+00:00,0.0,0.0,9.967e-05,9.967e-05,0.0,universe_snapshot,good
3407b8a8,JUPyiwrYJFskUPiHa7hkeR8VUtAeFoSYbKedZNsDvCN,JUP,2026-03-11T00:45:00+00:00,2026-03-11T00:45:00+00:00,2026-03-11T00:50:00+00:00,0.0,0.0,0.1659,0.1659,0.0,universe_snapshot,good
3407b8a8,d4VnSVqaUBf3dTxUqdeD4L2ix3rvsEcis4kNv3npump,SIRI,2026-03-11T00:45:00+00:00,2026-03-11T00:45:00+00:00,2026-03-11T00:50:00+00:00,0.0,0.0,0.000229,0.000229,0.0,universe_snapshot,good
3407b8a8,3guyMhp6p7USQUzwTYgXrKoer98rE398grT5RcPKpump,NemoClaw,2026-03-11T00:45:00+00:00,2026-03-11T00:45:00+00:00,2026-03-11T00:50:00+00:00,0.0,0.0,8.87e-05,8.87e-05,0.0,universe_snapshot,good
3407b8a8,C4yDhKwkikpVGCQWD9BT2SJyHAtRFFnKPDM9Nyshpump,Life,2026-03-11T00:45:00+00:00,2026-03-11T00:45:00+00:00,2026-03-11T00:50:00+00:00,0.0,0.0,0.0004766,0.0004766,0.0,universe_snapshot,good
3407b8a8,4D9jZY6nkXnm3ofmWWJVcJrvtXDMfE5Zwy8rZMy5pump,JEW,2026-03-11T00:45:00+00:00,2026-03-11T00:45:00+00:00,2026-03-11T00:50:00+00:00,0.0,0.0,0.0006291,0.0006291,0.0,universe_snapshot,good
3407b8a8,mSoLzYCxHdYgdzU16g5QSh3i5K3z3KZK7ytfqcJm7So,mSOL,2026-03-11T00:45:00+00:00,2026-03-11T00:45:00+00:00,2026-03-11T00:50:00+00:00,0.0,0.0,116.83,116.83,0.0,universe_snapshot,good
3407b8a8,D5WomD9VJ5GAer4SxbfaXJt9aSq1H62rUmWGNKnzpump,NailPigeon,2026-03-11T00:45:00+00:00,2026-03-11T00:45:00+00:00,2026-03-11T00:50:00+00:00,0.0,0.0,8.535e-05,8.535e-05,0.0,universe_snapshot,good
3407b8a8,ukHH6c7mMyiWCf1b9pnWe25TSpkDDt3H5pQZgZ74J82,BOME,2026-03-11T00:45:00+00:00,2026-03-11T00:45:00+00:00,2026-03-11T00:50:00+00:00,0.0,0.0,0.0004212,0.0004238,0.006173,universe_snapshot,good
3407b8a8,C9dJfTGUzhuqPWxh9mcDr66JZN4uzXh2gh9EWnEdpump,WAR,2026-03-11T00:45:00+00:00,2026-03-11T00:45:00+00:00,2026-03-11T00:50:00+00:00,0.0,0.0,0.02813,0.02813,0.0,universe_snapshot,good
3407b8a8,1D2jtKqeNxfQ2bqwyG5UuL2pHNB4gqnz7YMKYQqpump,MWO,2026-03-11T00:45:00+00:00,2026-03-11T00:45:00+00:00,2026-03-11T00:50:00+00:00,0.0,0.0,0.0002869,0.0002869,0.0,universe_snapshot,good
3407b8a8,9BB6NFEcjBCtnNLFko2FqVQBq8HHM13kCyYcdQbgpump,Fartcoin ,2026-03-11T00:45:00+00:00,2026-03-11T00:45:00+00:00,2026-03-11T00:50:00+00:00,0.0,0.0,0.1547,0.1553,0.003878,universe_snapshot,good
3407b8a8,DezXAZ8z7PnrnRJjz3wXBoRgixCa6xjnB7YaB1pPB263,Bonk,2026-03-11T00:45:00+00:00,2026-03-11T00:45:00+00:00,2026-03-11T00:50:00+00:00,0.0,0.0,5.904e-06,5.916e-06,0.002033,universe_snapshot,good
3407b8a8,DUr5rZAfYduvihaiyMnfqgnhqYWbPWJXvK954qyTpump,SOLINU,2026-03-11T00:45:00+00:00,2026-03-11T00:45:00+00:00,2026-03-11T00:50:00+00:00,0.0,0.0,0.0001165,0.0001165,0.0,universe_snapshot,good
3407b8a8,7oXNE1dbpHUp6dn1JF8pRgCtzfCy4P2FuBneWjZHpump,WhiteHouse,2026-03-11T00:45:00+00:00,2026-03-11T00:45:00+00:00,2026-03-11T00:50:00+00:00,0.0,0.0,0.000397,0.000397,0.0,universe_snapshot,good
3407b8a8,52nVoVk3BimAtvu2y9q1gnxqgR8pmjcc3v3byGnCuBa,SCUBA,2026-03-11T00:45:00+00:00,2026-03-11T00:45:00+00:00,2026-03-11T00:50:00+00:00,0.0,0.0,0.0003958,0.0003958,0.0,universe_snapshot,good
3407b8a8,8FSsdMVHLxbNqgWDDq2ihhKx69ja7QP6ZW5xy1Z8pump,5,2026-03-11T00:45:00+00:00,2026-03-11T00:45:00+00:00,2026-03-11T00:50:00+00:00,0.0,0.0,0.0002068,0.0002068,0.0,universe_snapshot,good
3407b8a8,orcaEKTdK7LKz57vaAYr9QeNsVEPfiu6QeMU1kektZE,ORCA,2026-03-11T00:45:00+00:00,2026-03-11T00:45:00+00:00,2026-03-11T00:50:00+00:00,0.0,0.0,0.9393,0.9408,0.001597,universe_snapshot,good
3407b8a8,89S7oVB4hui8ceJqhHreWB7fcxdthfvoB7z2pfJtpump,abcdefg,2026-03-11T00:45:00+00:00,2026-03-11T00:45:00+00:00,2026-03-11T00:50:00+00:00,0.0,0.0,0.0003726,0.0003726,0.0,universe_snapshot,good
3407b8a8,EKpQGSJtjMFqKZ9KQanSqYXRcF8fBopzLHYxdM65zcjm,$WIF,2026-03-11T00:45:00+00:00,2026-03-11T00:45:00+00:00,2026-03-11T00:50:00+00:00,0.0,0.0,0.1638,0.1644,0.003663,universe_snapshot,good
3407b8a8,DTWgi6rxhB8vLLvduTjDxEE5L3UNy6rtePoV4tQgpump,1%,2026-03-11T00:45:00+00:00,2026-03-11T00:45:00+00:00,2026-03-11T00:50:00+00:00,0.0,0.0,0.000203,0.000203,0.0,universe_snapshot,good
3407b8a8,AywAYdNJnSLSXwKWYxDciPjqGRnwp4iZdQptuuQTpump,MICHI,2026-03-11T00:45:00+00:00,2026-03-11T00:45:00+00:00,2026-03-11T00:50:00+00:00,0.0,0.0,0.003792,0.003792,0.0,universe_snapshot,good
3407b8a8,9YMN3QsKPrB4hrA5eUWTKkuvfXgAScCcSXoVXnGQpump,Impossible,2026-03-11T00:45:00+00:00,2026-03-11T00:45:00+00:00,2026-03-11T00:50:00+00:00,0.0,0.0,1.165e-05,1.165e-05,0.0,universe_snapshot,good
3407b8a8,766whddpsQHS8wy7viUfmuGPrMri1kgGMFwfZMdepump,MONA,2026-03-11T00:45:00+00:00,2026-03-11T00:45:00+00:00,2026-03-11T00:50:00+00:00,0.0,0.0,0.000378,0.000378,0.0,universe_snapshot,good
3407b8a8,bSo13r4TkiE4KumL71LsHTPpL2euBYLFx6h9HP3piy1,bSOL,2026-03-11T00:45:00+00:00,2026-03-11T00:45:00+00:00,2026-03-11T00:50:00+00:00,0.0,0.0,109.69,110.0032,0.002855,universe_snapshot,good
3407b8a8,5xyefUMWotwpymF16oTcZiRrv68bXeXne89RbYEHmTkT,69,2026-03-11T00:45:00+00:00,2026-03-11T00:45:00+00:00,2026-03-11T00:50:00+00:00,0.0,0.0,2.108e-05,2.108e-05,0.0,universe_snapshot,good
3407b8a8,7GCihgDB8fe6KNjn2MYtkzZcRjQy3t9GHdC8uHYmW2hr,POPCAT,2026-03-11T00:45:00+00:00,2026-03-11T00:45:00+00:00,2026-03-11T00:50:00+00:00,0.0,0.0,0.05056,0.05097,0.008109,universe_snapshot,good
3407b8a8,2gUNqbEvuimAmLq98er8MG5cnR9YZ3i7CdbMh2rkpump,ClaudePoop,2026-03-11T00:45:00+00:00,2026-03-11T00:45:00+00:00,2026-03-11T00:50:00+00:00,0.0,0.0,7.571e-06,7.571e-06,0.0,universe_snapshot,good
3407b8a8,A8C3xuqscfmyLrte3VmTqrAq8kgMASius9AFNANwpump,FWOG,2026-03-11T00:45:00+00:00,2026-03-11T00:45:00+00:00,2026-03-11T00:50:00+00:00,0.0,0.0,0.00583,0.005855,0.004288,universe_snapshot,good
3407b8a8,5LFvLupAoK5ahUreeSdG47MaK2p3GamxE6r1XZwmpump,PROP,2026-03-11T00:45:00+00:00,2026-03-11T00:45:00+00:00,2026-03-11T00:50:00+00:00,0.0,0.0,0.0001568,0.0001568,0.0,universe_snapshot,good
3407b8a8,2qEHjDLDLbuBgRYvsxhc5D6uDWAivNFZGan56P1tpump,Pnut ,2026-03-11T00:45:00+00:00,2026-03-11T00:45:00+00:00,2026-03-11T00:50:00+00:00,0.0,0.0,0.04428,0.04435,0.001581,universe_snapshot,good
3407b8a8,Df6yfrKC8kZE3KNkrHERKzAetSxbrWeniQfyJY4Jpump,CHILLGUY,2026-03-11T00:45:00+00:00,2026-03-11T00:45:00+00:00,2026-03-11T00:50:00+00:00,0.0,0.0,0.009596,0.009589,-0.000729,universe_snapshot,good
3407b8a8,HRfU5hY1SRJSb2YXk1zSVqe14PWETBe5epFqPaDipump,RETARDINU,2026-03-11T00:45:00+00:00,2026-03-11T00:45:00+00:00,2026-03-11T00:50:00+00:00,0.0,0.0,0.0001258,0.0001258,0.0,universe_snapshot,good
3407b8a8,HZ1JovNiVvGrGNiiYvEozEVgZ58xaU3RKwX8eACQBCt3,PYTH,2026-03-11T00:45:00+00:00,2026-03-11T00:45:00+00:00,2026-03-11T00:50:00+00:00,0.0,0.0,0.04615,0.04621,0.0013,universe_snapshot,good
79ad6dc7,7vfCXTUXx5WJV5JADk17DUJ4ksgau7utNKj4b963voxs,WETH,2026-03-11T01:45:00+00:00,2026-03-11T01:45:00+00:00,2026-03-11T01:50:00+00:00,0.0,0.0,2030.28,2030.28,0.0,universe_snapshot,good
79ad6dc7,EPuZ1X6pPzac3ELPsT59LStmgaSr4kBJvaAbL15Fpump,Distorted,2026-03-11T01:45:00+00:00,2026-03-11T01:45:00+00:00,2026-03-11T01:50:00+00:00,0.0,0.0,0.002143,0.002143,0.0,universe_snapshot,good
79ad6dc7,5kPosFqLTMLibiiR5Jvch9veDhNhemiC1J3xgXyJpump,LOBSTER,2026-03-11T01:45:00+00:00,2026-03-11T01:45:00+00:00,2026-03-11T01:50:00+00:00,0.0,0.0,0.000136,0.000136,0.0,universe_snapshot,good
79ad6dc7,4k3Dyjzvzp8eMZWUXbBCjEvwSkkk59S5iCNLY3QrkX6R,RAY,2026-03-11T01:45:00+00:00,2026-03-11T01:45:00+00:00,2026-03-11T01:50:00+00:00,0.0,0.0,0.5962,0.5962,0.0,universe_snapshot,good
79ad6dc7,GyL9u313funLmMWrMwxq9EaxMh481NEH9hqdbRQ8pump,MISSILE,2026-03-11T01:45:00+00:00,2026-03-11T01:45:00+00:00,2026-03-11T01:50:00+00:00,0.0,0.0,8.576e-05,8.576e-05,0.0,universe_snapshot,good
79ad6dc7,3NZ9JMVBmGAqocybic2c7LQCJScmgsAZ6vQqTDzcqmJh,WBTC,2026-03-11T01:45:00+00:00,2026-03-11T01:45:00+00:00,2026-03-11T01:50:00+00:00,0.0,0.0,69740.68,69740.68,0.0,universe_snapshot,good
79ad6dc7,5P8KkW5jrqdsrhTRGEA91FKdao7CxCb2hJYzLGtCpump,SPACE,2026-03-11T01:45:00+00:00,2026-03-11T01:45:00+00:00,2026-03-11T01:50:00+00:00,0.0,0.0,0.0001477,0.0001477,0.0,universe_snapshot,good
79ad6dc7,JUPyiwrYJFskUPiHa7hkeR8VUtAeFoSYbKedZNsDvCN,JUP,2026-03-11T01:45:00+00:00,2026-03-11T01:45:00+00:00,2026-03-11T01:50:00+00:00,0.0,0.0,0.1657,0.1656,-0.000604,universe_snapshot,good
79ad6dc7,4D9jZY6nkXnm3ofmWWJVcJrvtXDMfE5Zwy8rZMy5pump,JEW,2026-03-11T01:45:00+00:00,2026-03-11T01:45:00+00:00,2026-03-11T01:50:00+00:00,0.0,0.0,0.0007269,0.0007269,0.0,universe_snapshot,good
79ad6dc7,d4VnSVqaUBf3dTxUqdeD4L2ix3rvsEcis4kNv3npump,SIRI,2026-03-11T01:45:00+00:00,2026-03-11T01:45:00+00:00,2026-03-11T01:50:00+00:00,0.0,0.0,0.0001734,0.0001734,0.0,universe_snapshot,good
79ad6dc7,C4yDhKwkikpVGCQWD9BT2SJyHAtRFFnKPDM9Nyshpump,Life,2026-03-11T01:45:00+00:00,2026-03-11T01:45:00+00:00,2026-03-11T01:50:00+00:00,0.0,0.0,0.000517,0.000517,0.0,universe_snapshot,good
79ad6dc7,C9dJfTGUzhuqPWxh9mcDr66JZN4uzXh2gh9EWnEdpump,WAR,2026-03-11T01:45:00+00:00,2026-03-11T01:45:00+00:00,2026-03-11T01:50:00+00:00,0.0,0.0,0.02724,0.02724,0.0,universe_snapshot,good
79ad6dc7,3guyMhp6p7USQUzwTYgXrKoer98rE398grT5RcPKpump,NemoClaw,2026-03-11T01:45:00+00:00,2026-03-11T01:45:00+00:00,2026-03-11T01:50:00+00:00,0.0,0.0,0.0001186,0.0001186,0.0,universe_snapshot,good
79ad6dc7,mSoLzYCxHdYgdzU16g5QSh3i5K3z3KZK7ytfqcJm7So,mSOL,2026-03-11T01:45:00+00:00,2026-03-11T01:45:00+00:00,2026-03-11T01:50:00+00:00,0.0,0.0,116.83,116.83,0.0,universe_snapshot,good
79ad6dc7,D5WomD9VJ5GAer4SxbfaXJt9aSq1H62rUmWGNKnzpump,NailPigeon,2026-03-11T01:45:00+00:00,2026-03-11T01:45:00+00:00,2026-03-11T01:50:00+00:00,0.0,0.0,8.194e-05,8.194e-05,0.0,universe_snapshot,good
79ad6dc7,1D2jtKqeNxfQ2bqwyG5UuL2pHNB4gqnz7YMKYQqpump,MWO,2026-03-11T01:45:00+00:00,2026-03-11T01:45:00+00:00,2026-03-11T01:50:00+00:00,0.0,0.0,0.0003056,0.0003056,0.0,universe_snapshot,good
79ad6dc7,ukHH6c7mMyiWCf1b9pnWe25TSpkDDt3H5pQZgZ74J82,BOME,2026-03-11T01:45:00+00:00,2026-03-11T01:45:00+00:00,2026-03-11T01:50:00+00:00,0.0,0.0,0.0004228,0.0004209,-0.004494,universe_snapshot,good
79ad6dc7,9BB6NFEcjBCtnNLFko2FqVQBq8HHM13kCyYcdQbgpump,Fartcoin ,2026-03-11T01:45:00+00:00,2026-03-11T01:45:00+00:00,2026-03-11T01:50:00+00:00,0.0,0.0,0.1544,0.1549,0.003238,universe_snapshot,good
79ad6dc7,DTWgi6rxhB8vLLvduTjDxEE5L3UNy6rtePoV4tQgpump,1%,2026-03-11T01:45:00+00:00,2026-03-11T01:45:00+00:00,2026-03-11T01:50:00+00:00,0.0,0.0,9.908e-05,9.908e-05,0.0,universe_snapshot,good
79ad6dc7,52nVoVk3BimAtvu2y9q1gnxqgR8pmjcc3v3byGnCuBa,SCUBA,2026-03-11T01:45:00+00:00,2026-03-11T01:45:00+00:00,2026-03-11T01:50:00+00:00,0.0,0.0,0.0004586,0.0004586,0.0,universe_snapshot,good
79ad6dc7,8FSsdMVHLxbNqgWDDq2ihhKx69ja7QP6ZW5xy1Z8pump,5,2026-03-11T01:45:00+00:00,2026-03-11T01:45:00+00:00,2026-03-11T01:50:00+00:00,0.0,0.0,0.0001703,0.0001703,0.0,universe_snapshot,good
79ad6dc7,DUr5rZAfYduvihaiyMnfqgnhqYWbPWJXvK954qyTpump,SOLINU,2026-03-11T01:45:00+00:00,2026-03-11T01:45:00+00:00,2026-03-11T01:50:00+00:00,0.0,0.0,0.0001182,0.0001182,0.0,universe_snapshot,good
79ad6dc7,7oXNE1dbpHUp6dn1JF8pRgCtzfCy4P2FuBneWjZHpump,WhiteHouse,2026-03-11T01:45:00+00:00,2026-03-11T01:45:00+00:00,2026-03-11T01:50:00+00:00,0.0,0.0,0.0003385,0.0003385,0.0,universe_snapshot,good
79ad6dc7,orcaEKTdK7LKz57vaAYr9QeNsVEPfiu6QeMU1kektZE,ORCA,2026-03-11T01:45:00+00:00,2026-03-11T01:45:00+00:00,2026-03-11T01:50:00+00:00,0.0,0.0,0.9359,0.9366,0.000748,universe_snapshot,good
79ad6dc7,89S7oVB4hui8ceJqhHreWB7fcxdthfvoB7z2pfJtpump,abcdefg,2026-03-11T01:45:00+00:00,2026-03-11T01:45:00+00:00,2026-03-11T01:50:00+00:00,0.0,0.0,0.0003474,0.0003474,0.0,universe_snapshot,good
79ad6dc7,EKpQGSJtjMFqKZ9KQanSqYXRcF8fBopzLHYxdM65zcjm,$WIF,2026-03-11T01:45:00+00:00,2026-03-11T01:45:00+00:00,2026-03-11T01:50:00+00:00,0.0,0.0,0.1648,0.1648,0.0,universe_snapshot,good
79ad6dc7,AywAYdNJnSLSXwKWYxDciPjqGRnwp4iZdQptuuQTpump,MICHI,2026-03-11T01:45:00+00:00,2026-03-11T01:45:00+00:00,2026-03-11T01:50:00+00:00,0.0,0.0,0.003304,0.003304,0.0,universe_snapshot,good
79ad6dc7,766whddpsQHS8wy7viUfmuGPrMri1kgGMFwfZMdepump,MONA,2026-03-11T01:45:00+00:00,2026-03-11T01:45:00+00:00,2026-03-11T01:50:00+00:00,0.0,0.0,0.000407,0.000407,0.0,universe_snapshot,good
79ad6dc7,bSo13r4TkiE4KumL71LsHTPpL2euBYLFx6h9HP3piy1,bSOL,2026-03-11T01:45:00+00:00,2026-03-11T01:45:00+00:00,2026-03-11T01:50:00+00:00,0.0,0.0,110.26,110.26,0.0,universe_snapshot,good
79ad6dc7,5xyefUMWotwpymF16oTcZiRrv68bXeXne89RbYEHmTkT,69,2026-03-11T01:45:00+00:00,2026-03-11T01:45:00+00:00,2026-03-11T01:50:00+00:00,0.0,0.0,1.605e-05,1.605e-05,0.0,universe_snapshot,good
79ad6dc7,7GCihgDB8fe6KNjn2MYtkzZcRjQy3t9GHdC8uHYmW2hr,POPCAT,2026-03-11T01:45:00+00:00,2026-03-11T01:45:00+00:00,2026-03-11T01:50:00+00:00,0.0,0.0,0.05093,0.05093,0.0,universe_snapshot,good
79ad6dc7,9jpwUpdJV8y3Hg3Keg8FnYkEMFZ8HqNECqrmHHBVpump,HEHE,2026-03-11T01:45:00+00:00,2026-03-11T01:45:00+00:00,2026-03-11T01:50:00+00:00,0.0,0.0,8.401e-06,8.401e-06,0.0,universe_snapshot,good
79ad6dc7,A8C3xuqscfmyLrte3VmTqrAq8kgMASius9AFNANwpump,FWOG,2026-03-11T01:45:00+00:00,2026-03-11T01:45:00+00:00,2026-03-11T01:50:00+00:00,0.0,0.0,0.005854,0.005816,-0.006491,universe_snapshot,good
79ad6dc7,5LFvLupAoK5ahUreeSdG47MaK2p3GamxE6r1XZwmpump,PROP,2026-03-11T01:45:00+00:00,2026-03-11T01:45:00+00:00,2026-03-11T01:50:00+00:00,0.0,0.0,0.0001511,0.0001511,0.0,universe_snapshot,good
79ad6dc7,Hqr34r4nmmejFQ1YCmiVMpTkvG4eYSFPTtDuWgefpump,BNKTO,2026-03-11T01:45:00+00:00,2026-03-11T01:45:00+00:00,2026-03-11T01:50:00+00:00,0.0,0.0,0.0001021,0.0001021,0.0,universe_snapshot,good
79ad6dc7,HBVnKYMkJVHSqm4WcYisGzZhWG4ugwdUgXk7UVYypump,Human,2026-03-11T01:45:00+00:00,2026-03-11T01:45:00+00:00,2026-03-11T01:50:00+00:00,0.0,0.0,3.195e-05,3.195e-05,0.0,universe_snapshot,good
79ad6dc7,2qEHjDLDLbuBgRYvsxhc5D6uDWAivNFZGan56P1tpump,Pnut ,2026-03-11T01:45:00+00:00,2026-03-11T01:45:00+00:00,2026-03-11T01:50:00+00:00,0.0,0.0,0.04436,0.04458,0.004959,universe_snapshot,good
79ad6dc7,Df6yfrKC8kZE3KNkrHERKzAetSxbrWeniQfyJY4Jpump,CHILLGUY,2026-03-11T01:45:00+00:00,2026-03-11T01:45:00+00:00,2026-03-11T01:50:00+00:00,0.0,0.0,0.009618,0.009618,0.0,universe_snapshot,good
79ad6dc7,HZ1JovNiVvGrGNiiYvEozEVgZ58xaU3RKwX8eACQBCt3,PYTH,2026-03-11T01:45:00+00:00,2026-03-11T01:45:00+00:00,2026-03-11T01:50:00+00:00,0.0,0.0,0.04615,0.04614,-0.000217,universe_snapshot,good
79ad6dc7,5Y82ZXTCe8qGpvHurG1pyma416Cvg7oSAejJ4sXxpump,Sim,2026-03-11T01:45:00+00:00,2026-03-11T01:45:00+00:00,2026-03-11T01:50:00+00:00,0.0,0.0,1.603e-05,1.603e-05,0.0,universe_snapshot,good
79ad6dc7,5LsptCQnV82SemsBbdXKowCpDpZGyRHHwqn3ATiApump,UXR,2026-03-11T01:45:00+00:00,2026-03-11T01:45:00+00:00,2026-03-11T01:50:00+00:00,0.0,0.0,6.268e-05,6.268e-05,0.0,universe_snapshot,good
ad9c875d,7vfCXTUXx5WJV5JADk17DUJ4ksgau7utNKj4b963voxs,WETH,2026-03-11T01:15:00+00:00,2026-03-11T01:15:00+00:00,2026-03-11T01:20:00+00:00,0.0,0.0,2040.18,2038.11,-0.001015,universe_snapshot,good
ad9c875d,EPuZ1X6pPzac3ELPsT59LStmgaSr4kBJvaAbL15Fpump,Distorted,2026-03-11T01:15:00+00:00,2026-03-11T01:15:00+00:00,2026-03-11T01:20:00+00:00,0.0,0.0,0.001759,0.001759,0.0,universe_snapshot,good
ad9c875d,5kPosFqLTMLibiiR5Jvch9veDhNhemiC1J3xgXyJpump,LOBSTER,2026-03-11T01:15:00+00:00,2026-03-11T01:15:00+00:00,2026-03-11T01:20:00+00:00,0.0,0.0,0.0001209,0.0001209,0.0,universe_snapshot,good
ad9c875d,4k3Dyjzvzp8eMZWUXbBCjEvwSkkk59S5iCNLY3QrkX6R,RAY,2026-03-11T01:15:00+00:00,2026-03-11T01:15:00+00:00,2026-03-11T01:20:00+00:00,0.0,0.0,0.5977,0.5971,-0.001004,universe_snapshot,good
ad9c875d,GyL9u313funLmMWrMwxq9EaxMh481NEH9hqdbRQ8pump,MISSILE,2026-03-11T01:15:00+00:00,2026-03-11T01:15:00+00:00,2026-03-11T01:20:00+00:00,0.0,0.0,0.0001161,0.0001161,0.0,universe_snapshot,good
ad9c875d,5P8KkW5jrqdsrhTRGEA91FKdao7CxCb2hJYzLGtCpump,SPACE,2026-03-11T01:15:00+00:00,2026-03-11T01:15:00+00:00,2026-03-11T01:20:00+00:00,0.0,0.0,0.0001333,0.0001333,0.0,universe_snapshot,good
ad9c875d,3NZ9JMVBmGAqocybic2c7LQCJScmgsAZ6vQqTDzcqmJh,WBTC,2026-03-11T01:15:00+00:00,2026-03-11T01:15:00+00:00,2026-03-11T01:20:00+00:00,0.0,0.0,69900.28,69921.53,0.000304,universe_snapshot,good
ad9c875d,JUPyiwrYJFskUPiHa7hkeR8VUtAeFoSYbKedZNsDvCN,JUP,2026-03-11T01:15:00+00:00,2026-03-11T01:15:00+00:00,2026-03-11T01:20:00+00:00,0.0,0.0,0.166,0.1655,-0.003012,universe_snapshot,good
ad9c875d,d4VnSVqaUBf3dTxUqdeD4L2ix3rvsEcis4kNv3npump,SIRI,2026-03-11T01:15:00+00:00,2026-03-11T01:15:00+00:00,2026-03-11T01:20:00+00:00,0.0,0.0,0.0002067,0.0002067,0.0,universe_snapshot,good
ad9c875d,C4yDhKwkikpVGCQWD9BT2SJyHAtRFFnKPDM9Nyshpump,Life,2026-03-11T01:15:00+00:00,2026-03-11T01:15:00+00:00,2026-03-11T01:20:00+00:00,0.0,0.0,0.0005338,0.0005338,0.0,universe_snapshot,good
ad9c875d,4D9jZY6nkXnm3ofmWWJVcJrvtXDMfE5Zwy8rZMy5pump,JEW,2026-03-11T01:15:00+00:00,2026-03-11T01:15:00+00:00,2026-03-11T01:20:00+00:00,0.0,0.0,0.0006393,0.0006393,0.0,universe_snapshot,good
ad9c875d,3guyMhp6p7USQUzwTYgXrKoer98rE398grT5RcPKpump,NemoClaw,2026-03-11T01:15:00+00:00,2026-03-11T01:15:00+00:00,2026-03-11T01:20:00+00:00,0.0,0.0,9.817e-05,9.817e-05,0.0,universe_snapshot,good
ad9c875d,mSoLzYCxHdYgdzU16g5QSh3i5K3z3KZK7ytfqcJm7So,mSOL,2026-03-11T01:15:00+00:00,2026-03-11T01:15:00+00:00,2026-03-11T01:20:00+00:00,0.0,0.0,116.83,116.83,0.0,universe_snapshot,good
ad9c875d,C9dJfTGUzhuqPWxh9mcDr66JZN4uzXh2gh9EWnEdpump,WAR,2026-03-11T01:15:00+00:00,2026-03-11T01:15:00+00:00,2026-03-11T01:20:00+00:00,0.0,0.0,0.0287,0.0287,0.0,universe_snapshot,good
ad9c875d,1D2jtKqeNxfQ2bqwyG5UuL2pHNB4gqnz7YMKYQqpump,MWO,2026-03-11T01:15:00+00:00,2026-03-11T01:15:00+00:00,2026-03-11T01:20:00+00:00,0.0,0.0,0.0003172,0.0003172,0.0,universe_snapshot,good
ad9c875d,ukHH6c7mMyiWCf1b9pnWe25TSpkDDt3H5pQZgZ74J82,BOME,2026-03-11T01:15:00+00:00,2026-03-11T01:15:00+00:00,2026-03-11T01:20:00+00:00,0.0,0.0,0.0004229,0.0004217,-0.002838,universe_snapshot,good
ad9c875d,9BB6NFEcjBCtnNLFko2FqVQBq8HHM13kCyYcdQbgpump,Fartcoin ,2026-03-11T01:15:00+00:00,2026-03-11T01:15:00+00:00,2026-03-11T01:20:00+00:00,0.0,0.0,0.1556,0.1553,-0.001928,universe_snapshot,good
ad9c875d,DezXAZ8z7PnrnRJjz3wXBoRgixCa6xjnB7YaB1pPB263,Bonk,2026-03-11T01:15:00+00:00,2026-03-11T01:15:00+00:00,2026-03-11T01:20:00+00:00,0.0,0.0,5.927e-06,5.922e-06,-0.000844,universe_snapshot,good
ad9c875d,DTWgi6rxhB8vLLvduTjDxEE5L3UNy6rtePoV4tQgpump,1%,2026-03-11T01:15:00+00:00,2026-03-11T01:15:00+00:00,2026-03-11T01:20:00+00:00,0.0,0.0,0.0001501,0.0001501,0.0,universe_snapshot,good
ad9c875d,DUr5rZAfYduvihaiyMnfqgnhqYWbPWJXvK954qyTpump,SOLINU,2026-03-11T01:15:00+00:00,2026-03-11T01:15:00+00:00,2026-03-11T01:20:00+00:00,0.0,0.0,0.0001177,0.0001177,0.0,universe_snapshot,good
ad9c875d,52nVoVk3BimAtvu2y9q1gnxqgR8pmjcc3v3byGnCuBa,SCUBA,2026-03-11T01:15:00+00:00,2026-03-11T01:15:00+00:00,2026-03-11T01:20:00+00:00,0.0,0.0,0.0005068,0.0005068,0.0,universe_snapshot,good
ad9c875d,7oXNE1dbpHUp6dn1JF8pRgCtzfCy4P2FuBneWjZHpump,WhiteHouse,2026-03-11T01:15:00+00:00,2026-03-11T01:15:00+00:00,2026-03-11T01:20:00+00:00,0.0,0.0,0.0003627,0.0003627,0.0,universe_snapshot,good
ad9c875d,8FSsdMVHLxbNqgWDDq2ihhKx69ja7QP6ZW5xy1Z8pump,5,2026-03-11T01:15:00+00:00,2026-03-11T01:15:00+00:00,2026-03-11T01:20:00+00:00,0.0,0.0,0.000158,0.000158,0.0,universe_snapshot,good
ad9c875d,orcaEKTdK7LKz57vaAYr9QeNsVEPfiu6QeMU1kektZE,ORCA,2026-03-11T01:15:00+00:00,2026-03-11T01:15:00+00:00,2026-03-11T01:20:00+00:00,0.0,0.0,0.9398,0.9409,0.00117,universe_snapshot,good
ad9c875d,89S7oVB4hui8ceJqhHreWB7fcxdthfvoB7z2pfJtpump,abcdefg,2026-03-11T01:15:00+00:00,2026-03-11T01:15:00+00:00,2026-03-11T01:20:00+00:00,0.0,0.0,0.0003699,0.0003699,0.0,universe_snapshot,good
ad9c875d,EKpQGSJtjMFqKZ9KQanSqYXRcF8fBopzLHYxdM65zcjm,$WIF,2026-03-11T01:15:00+00:00,2026-03-11T01:15:00+00:00,2026-03-11T01:20:00+00:00,0.0,0.0,0.1641,0.164,-0.000609,universe_snapshot,good
ad9c875d,AywAYdNJnSLSXwKWYxDciPjqGRnwp4iZdQptuuQTpump,MICHI,2026-03-11T01:15:00+00:00,2026-03-11T01:15:00+00:00,2026-03-11T01:20:00+00:00,0.0,0.0,0.003573,0.003573,0.0,universe_snapshot,good
ad9c875d,9YMN3QsKPrB4hrA5eUWTKkuvfXgAScCcSXoVXnGQpump,Impossible,2026-03-11T01:15:00+00:00,2026-03-11T01:15:00+00:00,2026-03-11T01:20:00+00:00,0.0,0.0,1.377e-05,1.377e-05,0.0,universe_snapshot,good
ad9c875d,766whddpsQHS8wy7viUfmuGPrMri1kgGMFwfZMdepump,MONA,2026-03-11T01:15:00+00:00,2026-03-11T01:15:00+00:00,2026-03-11T01:20:00+00:00,0.0,0.0,0.0004114,0.0004114,0.0,universe_snapshot,good
ad9c875d,bSo13r4TkiE4KumL71LsHTPpL2euBYLFx6h9HP3piy1,bSOL,2026-03-11T01:15:00+00:00,2026-03-11T01:15:00+00:00,2026-03-11T01:20:00+00:00,0.0,0.0,110.35,110.26,-0.000816,universe_snapshot,good
ad9c875d,5xyefUMWotwpymF16oTcZiRrv68bXeXne89RbYEHmTkT,69,2026-03-11T01:15:00+00:00,2026-03-11T01:15:00+00:00,2026-03-11T01:20:00+00:00,0.0,0.0,1.757e-05,1.757e-05,0.0,universe_snapshot,good
ad9c875d,7GCihgDB8fe6KNjn2MYtkzZcRjQy3t9GHdC8uHYmW2hr,POPCAT,2026-03-11T01:15:00+00:00,2026-03-11T01:15:00+00:00,2026-03-11T01:20:00+00:00,0.0,0.0,0.05104,0.05104,0.0,universe_snapshot,good
ad9c875d,2gUNqbEvuimAmLq98er8MG5cnR9YZ3i7CdbMh2rkpump,ClaudePoop,2026-03-11T01:15:00+00:00,2026-03-11T01:15:00+00:00,2026-03-11T01:20:00+00:00,0.0,0.0,6.303e-06,6.303e-06,0.0,universe_snapshot,good
ad9c875d,A8C3xuqscfmyLrte3VmTqrAq8kgMASius9AFNANwpump,FWOG,2026-03-11T01:15:00+00:00,2026-03-11T01:15:00+00:00,2026-03-11T01:20:00+00:00,0.0,0.0,0.00586,0.005852,-0.001365,universe_snapshot,good
ad9c875d,5LFvLupAoK5ahUreeSdG47MaK2p3GamxE6r1XZwmpump,PROP,2026-03-11T01:15:00+00:00,2026-03-11T01:15:00+00:00,2026-03-11T01:20:00+00:00,0.0,0.0,0.0001429,0.0001429,0.0,universe_snapshot,good
ad9c875d,Hqr34r4nmmejFQ1YCmiVMpTkvG4eYSFPTtDuWgefpump,BNKTO,2026-03-11T01:15:00+00:00,2026-03-11T01:15:00+00:00,2026-03-11T01:20:00+00:00,0.0,0.0,0.0001151,0.0001151,0.0,universe_snapshot,good
ad9c875d,2qEHjDLDLbuBgRYvsxhc5D6uDWAivNFZGan56P1tpump,Pnut ,2026-03-11T01:15:00+00:00,2026-03-11T01:15:00+00:00,2026-03-11T01:20:00+00:00,0.0,0.0,0.04449,0.04441,-0.001798,universe_snapshot,good
ad9c875d,Df6yfrKC8kZE3KNkrHERKzAetSxbrWeniQfyJY4Jpump,CHILLGUY,2026-03-11T01:15:00+00:00,2026-03-11T01:15:00+00:00,2026-03-11T01:20:00+00:00,0.0,0.0,0.00959,0.00959,0.0,universe_snapshot,good
ad9c875d,HRfU5hY1SRJSb2YXk1zSVqe14PWETBe5epFqPaDipump,RETARDINU,2026-03-11T01:15:00+00:00,2026-03-11T01:15:00+00:00,2026-03-11T01:20:00+00:00,0.0,0.0,0.0001266,0.0001266,0.0,universe_snapshot,good
ad9c875d,HZ1JovNiVvGrGNiiYvEozEVgZ58xaU3RKwX8eACQBCt3,PYTH,2026-03-11T01:15:00+00:00,2026-03-11T01:15:00+00:00,2026-03-11T01:20:00+00:00,0.0,0.0,0.04613,0.04614,0.000217,universe_snapshot,good
b4b24bbe,7vfCXTUXx5WJV5JADk17DUJ4ksgau7utNKj4b963voxs,WETH,2026-03-11T01:00:00+00:00,2026-03-11T01:00:00+00:00,2026-03-11T01:05:00+00:00,0.0,0.0,2037.086,2035.28,-0.000887,universe_snapshot,good
b4b24bbe,EPuZ1X6pPzac3ELPsT59LStmgaSr4kBJvaAbL15Fpump,Distorted,2026-03-11T01:00:00+00:00,2026-03-11T01:00:00+00:00,2026-03-11T01:05:00+00:00,0.0,0.0,0.001717,0.001717,0.0,universe_snapshot,good
b4b24bbe,5kPosFqLTMLibiiR5Jvch9veDhNhemiC1J3xgXyJpump,LOBSTER,2026-03-11T01:00:00+00:00,2026-03-11T01:00:00+00:00,2026-03-11T01:05:00+00:00,0.0,0.0,0.0001361,0.0001361,0.0,universe_snapshot,good
b4b24bbe,4k3Dyjzvzp8eMZWUXbBCjEvwSkkk59S5iCNLY3QrkX6R,RAY,2026-03-11T01:00:00+00:00,2026-03-11T01:00:00+00:00,2026-03-11T01:05:00+00:00,0.0,0.0,0.5979,0.5976,-0.000502,universe_snapshot,good
b4b24bbe,3NZ9JMVBmGAqocybic2c7LQCJScmgsAZ6vQqTDzcqmJh,WBTC,2026-03-11T01:00:00+00:00,2026-03-11T01:00:00+00:00,2026-03-11T01:05:00+00:00,0.0,0.0,69916.77,69804.61,-0.001604,universe_snapshot,good
b4b24bbe,5P8KkW5jrqdsrhTRGEA91FKdao7CxCb2hJYzLGtCpump,SPACE,2026-03-11T01:00:00+00:00,2026-03-11T01:00:00+00:00,2026-03-11T01:05:00+00:00,0.0,0.0,9.967e-05,9.967e-05,0.0,universe_snapshot,good
b4b24bbe,JUPyiwrYJFskUPiHa7hkeR8VUtAeFoSYbKedZNsDvCN,JUP,2026-03-11T01:00:00+00:00,2026-03-11T01:00:00+00:00,2026-03-11T01:05:00+00:00,0.0,0.0,0.1662,0.1658,-0.002407,universe_snapshot,good
b4b24bbe,d4VnSVqaUBf3dTxUqdeD4L2ix3rvsEcis4kNv3npump,SIRI,2026-03-11T01:00:00+00:00,2026-03-11T01:00:00+00:00,2026-03-11T01:05:00+00:00,0.0,0.0,0.000229,0.000229,0.0,universe_snapshot,good
b4b24bbe,3guyMhp6p7USQUzwTYgXrKoer98rE398grT5RcPKpump,NemoClaw,2026-03-11T01:00:00+00:00,2026-03-11T01:00:00+00:00,2026-03-11T01:05:00+00:00,0.0,0.0,8.87e-05,8.87e-05,0.0,universe_snapshot,good
b4b24bbe,C4yDhKwkikpVGCQWD9BT2SJyHAtRFFnKPDM9Nyshpump,Life,2026-03-11T01:00:00+00:00,2026-03-11T01:00:00+00:00,2026-03-11T01:05:00+00:00,0.0,0.0,0.0004766,0.0004766,0.0,universe_snapshot,good
b4b24bbe,4D9jZY6nkXnm3ofmWWJVcJrvtXDMfE5Zwy8rZMy5pump,JEW,2026-03-11T01:00:00+00:00,2026-03-11T01:00:00+00:00,2026-03-11T01:05:00+00:00,0.0,0.0,0.0006291,0.0006291,0.0,universe_snapshot,good
b4b24bbe,mSoLzYCxHdYgdzU16g5QSh3i5K3z3KZK7ytfqcJm7So,mSOL,2026-03-11T01:00:00+00:00,2026-03-11T01:00:00+00:00,2026-03-11T01:05:00+00:00,0.0,0.0,116.83,116.83,0.0,universe_snapshot,good
b4b24bbe,D5WomD9VJ5GAer4SxbfaXJt9aSq1H62rUmWGNKnzpump,NailPigeon,2026-03-11T01:00:00+00:00,2026-03-11T01:00:00+00:00,2026-03-11T01:05:00+00:00,0.0,0.0,8.535e-05,8.535e-05,0.0,universe_snapshot,good
b4b24bbe,C9dJfTGUzhuqPWxh9mcDr66JZN4uzXh2gh9EWnEdpump,WAR,2026-03-11T01:00:00+00:00,2026-03-11T01:00:00+00:00,2026-03-11T01:05:00+00:00,0.0,0.0,0.02813,0.02813,0.0,universe_snapshot,good
b4b24bbe,ukHH6c7mMyiWCf1b9pnWe25TSpkDDt3H5pQZgZ74J82,BOME,2026-03-11T01:00:00+00:00,2026-03-11T01:00:00+00:00,2026-03-11T01:05:00+00:00,0.0,0.0,0.0004247,0.0004227,-0.004709,universe_snapshot,good
b4b24bbe,1D2jtKqeNxfQ2bqwyG5UuL2pHNB4gqnz7YMKYQqpump,MWO,2026-03-11T01:00:00+00:00,2026-03-11T01:00:00+00:00,2026-03-11T01:05:00+00:00,0.0,0.0,0.0002869,0.0002869,0.0,universe_snapshot,good
b4b24bbe,9BB6NFEcjBCtnNLFko2FqVQBq8HHM13kCyYcdQbgpump,Fartcoin ,2026-03-11T01:00:00+00:00,2026-03-11T01:00:00+00:00,2026-03-11T01:05:00+00:00,0.0,0.0,0.1559,0.1556,-0.001924,universe_snapshot,good
b4b24bbe,DezXAZ8z7PnrnRJjz3wXBoRgixCa6xjnB7YaB1pPB263,Bonk,2026-03-11T01:00:00+00:00,2026-03-11T01:00:00+00:00,2026-03-11T01:05:00+00:00,0.0,0.0,5.941e-06,5.919e-06,-0.003703,universe_snapshot,good
b4b24bbe,DUr5rZAfYduvihaiyMnfqgnhqYWbPWJXvK954qyTpump,SOLINU,2026-03-11T01:00:00+00:00,2026-03-11T01:00:00+00:00,2026-03-11T01:05:00+00:00,0.0,0.0,0.0001165,0.0001165,0.0,universe_snapshot,good
b4b24bbe,7oXNE1dbpHUp6dn1JF8pRgCtzfCy4P2FuBneWjZHpump,WhiteHouse,2026-03-11T01:00:00+00:00,2026-03-11T01:00:00+00:00,2026-03-11T01:05:00+00:00,0.0,0.0,0.000397,0.000397,0.0,universe_snapshot,good
b4b24bbe,52nVoVk3BimAtvu2y9q1gnxqgR8pmjcc3v3byGnCuBa,SCUBA,2026-03-11T01:00:00+00:00,2026-03-11T01:00:00+00:00,2026-03-11T01:05:00+00:00,0.0,0.0,0.0003958,0.0003958,0.0,universe_snapshot,good
b4b24bbe,8FSsdMVHLxbNqgWDDq2ihhKx69ja7QP6ZW5xy1Z8pump,5,2026-03-11T01:00:00+00:00,2026-03-11T01:00:00+00:00,2026-03-11T01:05:00+00:00,0.0,0.0,0.0002068,0.0002068,0.0,universe_snapshot,good
b4b24bbe,orcaEKTdK7LKz57vaAYr9QeNsVEPfiu6QeMU1kektZE,ORCA,2026-03-11T01:00:00+00:00,2026-03-11T01:00:00+00:00,2026-03-11T01:05:00+00:00,0.0,0.0,0.9406,0.9394,-0.001276,universe_snapshot,good
b4b24bbe,89S7oVB4hui8ceJqhHreWB7fcxdthfvoB7z2pfJtpump,abcdefg,2026-03-11T01:00:00+00:00,2026-03-11T01:00:00+00:00,2026-03-11T01:05:00+00:00,0.0,0.0,0.0003726,0.0003726,0.0,universe_snapshot,good
b4b24bbe,EKpQGSJtjMFqKZ9KQanSqYXRcF8fBopzLHYxdM65zcjm,$WIF,2026-03-11T01:00:00+00:00,2026-03-11T01:00:00+00:00,2026-03-11T01:05:00+00:00,0.0,0.0,0.1649,0.1649,0.0,universe_snapshot,good
b4b24bbe,DTWgi6rxhB8vLLvduTjDxEE5L3UNy6rtePoV4tQgpump,1%,2026-03-11T01:00:00+00:00,2026-03-11T01:00:00+00:00,2026-03-11T01:05:00+00:00,0.0,0.0,0.000203,0.000203,0.0,universe_snapshot,good
b4b24bbe,AywAYdNJnSLSXwKWYxDciPjqGRnwp4iZdQptuuQTpump,MICHI,2026-03-11T01:00:00+00:00,2026-03-11T01:00:00+00:00,2026-03-11T01:05:00+00:00,0.0,0.0,0.003792,0.003792,0.0,universe_snapshot,good
b4b24bbe,9YMN3QsKPrB4hrA5eUWTKkuvfXgAScCcSXoVXnGQpump,Impossible,2026-03-11T01:00:00+00:00,2026-03-11T01:00:00+00:00,2026-03-11T01:05:00+00:00,0.0,0.0,1.165e-05,1.165e-05,0.0,universe_snapshot,good
b4b24bbe,766whddpsQHS8wy7viUfmuGPrMri1kgGMFwfZMdepump,MONA,2026-03-11T01:00:00+00:00,2026-03-11T01:00:00+00:00,2026-03-11T01:05:00+00:00,0.0,0.0,0.000378,0.000378,0.0,universe_snapshot,good
b4b24bbe,5xyefUMWotwpymF16oTcZiRrv68bXeXne89RbYEHmTkT,69,2026-03-11T01:00:00+00:00,2026-03-11T01:00:00+00:00,2026-03-11T01:05:00+00:00,0.0,0.0,2.108e-05,2.108e-05,0.0,universe_snapshot,good
b4b24bbe,2gUNqbEvuimAmLq98er8MG5cnR9YZ3i7CdbMh2rkpump,ClaudePoop,2026-03-11T01:00:00+00:00,2026-03-11T01:00:00+00:00,2026-03-11T01:05:00+00:00,0.0,0.0,7.571e-06,7.571e-06,0.0,universe_snapshot,good
b4b24bbe,A8C3xuqscfmyLrte3VmTqrAq8kgMASius9AFNANwpump,FWOG,2026-03-11T01:00:00+00:00,2026-03-11T01:00:00+00:00,2026-03-11T01:05:00+00:00,0.0,0.0,0.005855,0.00586,0.000854,universe_snapshot,good
b4b24bbe,5LFvLupAoK5ahUreeSdG47MaK2p3GamxE6r1XZwmpump,PROP,2026-03-11T01:00:00+00:00,2026-03-11T01:00:00+00:00,2026-03-11T01:05:00+00:00,0.0,0.0,0.0001568,0.0001568,0.0,universe_snapshot,good
b4b24bbe,2qEHjDLDLbuBgRYvsxhc5D6uDWAivNFZGan56P1tpump,Pnut ,2026-03-11T01:00:00+00:00,2026-03-11T01:00:00+00:00,2026-03-11T01:05:00+00:00,0.0,0.0,0.04436,0.04443,0.001578,universe_snapshot,good
b4b24bbe,Df6yfrKC8kZE3KNkrHERKzAetSxbrWeniQfyJY4Jpump,CHILLGUY,2026-03-11T01:00:00+00:00,2026-03-11T01:00:00+00:00,2026-03-11T01:05:00+00:00,0.0,0.0,0.009586,0.009586,0.0,universe_snapshot,good
b4b24bbe,HRfU5hY1SRJSb2YXk1zSVqe14PWETBe5epFqPaDipump,RETARDINU,2026-03-11T01:00:00+00:00,2026-03-11T01:00:00+00:00,2026-03-11T01:05:00+00:00,0.0,0.0,0.0001258,0.0001258,0.0,universe_snapshot,good
b4b24bbe,HZ1JovNiVvGrGNiiYvEozEVgZ58xaU3RKwX8eACQBCt3,PYTH,2026-03-11T01:00:00+00:00,2026-03-11T01:00:00+00:00,2026-03-11T01:05:00+00:00,0.0,0.0,0.04624,0.04613,-0.002379,universe_snapshot,good
c1964118,7vfCXTUXx5WJV5JADk17DUJ4ksgau7utNKj4b963voxs,WETH,2026-03-11T01:30:00+00:00,2026-03-11T01:30:00+00:00,2026-03-11T01:35:00+00:00,0.0,0.0,2031.5,2031.5,0.0,universe_snapshot,good
c1964118,EPuZ1X6pPzac3ELPsT59LStmgaSr4kBJvaAbL15Fpump,Distorted,2026-03-11T01:30:00+00:00,2026-03-11T01:30:00+00:00,2026-03-11T01:35:00+00:00,0.0,0.0,0.001759,0.001759,0.0,universe_snapshot,good
c1964118,5kPosFqLTMLibiiR5Jvch9veDhNhemiC1J3xgXyJpump,LOBSTER,2026-03-11T01:30:00+00:00,2026-03-11T01:30:00+00:00,2026-03-11T01:35:00+00:00,0.0,0.0,0.0001209,0.0001209,0.0,universe_snapshot,good
c1964118,4k3Dyjzvzp8eMZWUXbBCjEvwSkkk59S5iCNLY3QrkX6R,RAY,2026-03-11T01:30:00+00:00,2026-03-11T01:30:00+00:00,2026-03-11T01:35:00+00:00,0.0,0.0,0.5968,0.5969,0.000168,universe_snapshot,good
c1964118,GyL9u313funLmMWrMwxq9EaxMh481NEH9hqdbRQ8pump,MISSILE,2026-03-11T01:30:00+00:00,2026-03-11T01:30:00+00:00,2026-03-11T01:35:00+00:00,0.0,0.0,0.0001161,0.0001161,0.0,universe_snapshot,good
c1964118,5P8KkW5jrqdsrhTRGEA91FKdao7CxCb2hJYzLGtCpump,SPACE,2026-03-11T01:30:00+00:00,2026-03-11T01:30:00+00:00,2026-03-11T01:35:00+00:00,0.0,0.0,0.0001333,0.0001333,0.0,universe_snapshot,good
c1964118,3NZ9JMVBmGAqocybic2c7LQCJScmgsAZ6vQqTDzcqmJh,WBTC,2026-03-11T01:30:00+00:00,2026-03-11T01:30:00+00:00,2026-03-11T01:35:00+00:00,0.0,0.0,69829.055,69815.28,-0.000197,universe_snapshot,good
c1964118,JUPyiwrYJFskUPiHa7hkeR8VUtAeFoSYbKedZNsDvCN,JUP,2026-03-11T01:30:00+00:00,2026-03-11T01:30:00+00:00,2026-03-11T01:35:00+00:00,0.0,0.0,0.166,0.1661,0.000602,universe_snapshot,good
c1964118,d4VnSVqaUBf3dTxUqdeD4L2ix3rvsEcis4kNv3npump,SIRI,2026-03-11T01:30:00+00:00,2026-03-11T01:30:00+00:00,2026-03-11T01:35:00+00:00,0.0,0.0,0.0002067,0.0002067,0.0,universe_snapshot,good
c1964118,C4yDhKwkikpVGCQWD9BT2SJyHAtRFFnKPDM9Nyshpump,Life,2026-03-11T01:30:00+00:00,2026-03-11T01:30:00+00:00,2026-03-11T01:35:00+00:00,0.0,0.0,0.0005338,0.0005338,0.0,universe_snapshot,good
c1964118,4D9jZY6nkXnm3ofmWWJVcJrvtXDMfE5Zwy8rZMy5pump,JEW,2026-03-11T01:30:00+00:00,2026-03-11T01:30:00+00:00,2026-03-11T01:35:00+00:00,0.0,0.0,0.0006393,0.0006393,0.0,universe_snapshot,good
c1964118,3guyMhp6p7USQUzwTYgXrKoer98rE398grT5RcPKpump,NemoClaw,2026-03-11T01:30:00+00:00,2026-03-11T01:30:00+00:00,2026-03-11T01:35:00+00:00,0.0,0.0,9.817e-05,9.817e-05,0.0,universe_snapshot,good
c1964118,mSoLzYCxHdYgdzU16g5QSh3i5K3z3KZK7ytfqcJm7So,mSOL,2026-03-11T01:30:00+00:00,2026-03-11T01:30:00+00:00,2026-03-11T01:35:00+00:00,0.0,0.0,116.83,116.83,0.0,universe_snapshot,good
c1964118,C9dJfTGUzhuqPWxh9mcDr66JZN4uzXh2gh9EWnEdpump,WAR,2026-03-11T01:30:00+00:00,2026-03-11T01:30:00+00:00,2026-03-11T01:35:00+00:00,0.0,0.0,0.0287,0.0287,0.0,universe_snapshot,good
c1964118,ukHH6c7mMyiWCf1b9pnWe25TSpkDDt3H5pQZgZ74J82,BOME,2026-03-11T01:30:00+00:00,2026-03-11T01:30:00+00:00,2026-03-11T01:35:00+00:00,0.0,0.0,0.0004217,0.0004217,0.0,universe_snapshot,good
c1964118,1D2jtKqeNxfQ2bqwyG5UuL2pHNB4gqnz7YMKYQqpump,MWO,2026-03-11T01:30:00+00:00,2026-03-11T01:30:00+00:00,2026-03-11T01:35:00+00:00,0.0,0.0,0.0003172,0.0003172,0.0,universe_snapshot,good
c1964118,9BB6NFEcjBCtnNLFko2FqVQBq8HHM13kCyYcdQbgpump,Fartcoin ,2026-03-11T01:30:00+00:00,2026-03-11T01:30:00+00:00,2026-03-11T01:35:00+00:00,0.0,0.0,0.1557,0.1558,0.000642,universe_snapshot,good
c1964118,DezXAZ8z7PnrnRJjz3wXBoRgixCa6xjnB7YaB1pPB263,Bonk,2026-03-11T01:30:00+00:00,2026-03-11T01:30:00+00:00,2026-03-11T01:35:00+00:00,0.0,0.0,5.93e-06,5.937e-06,0.00118,universe_snapshot,good
c1964118,DTWgi6rxhB8vLLvduTjDxEE5L3UNy6rtePoV4tQgpump,1%,2026-03-11T01:30:00+00:00,2026-03-11T01:30:00+00:00,2026-03-11T01:35:00+00:00,0.0,0.0,0.0001501,0.0001501,0.0,universe_snapshot,good
c1964118,DUr5rZAfYduvihaiyMnfqgnhqYWbPWJXvK954qyTpump,SOLINU,2026-03-11T01:30:00+00:00,2026-03-11T01:30:00+00:00,2026-03-11T01:35:00+00:00,0.0,0.0,0.0001177,0.0001177,0.0,universe_snapshot,good
c1964118,52nVoVk3BimAtvu2y9q1gnxqgR8pmjcc3v3byGnCuBa,SCUBA,2026-03-11T01:30:00+00:00,2026-03-11T01:30:00+00:00,2026-03-11T01:35:00+00:00,0.0,0.0,0.0005068,0.0005068,0.0,universe_snapshot,good
c1964118,7oXNE1dbpHUp6dn1JF8pRgCtzfCy4P2FuBneWjZHpump,WhiteHouse,2026-03-11T01:30:00+00:00,2026-03-11T01:30:00+00:00,2026-03-11T01:35:00+00:00,0.0,0.0,0.0003627,0.0003627,0.0,universe_snapshot,good
c1964118,8FSsdMVHLxbNqgWDDq2ihhKx69ja7QP6ZW5xy1Z8pump,5,2026-03-11T01:30:00+00:00,2026-03-11T01:30:00+00:00,2026-03-11T01:35:00+00:00,0.0,0.0,0.000158,0.000158,0.0,universe_snapshot,good
c1964118,orcaEKTdK7LKz57vaAYr9QeNsVEPfiu6QeMU1kektZE,ORCA,2026-03-11T01:30:00+00:00,2026-03-11T01:30:00+00:00,2026-03-11T01:35:00+00:00,0.0,0.0,0.9377,0.9377,0.0,universe_snapshot,good
c1964118,89S7oVB4hui8ceJqhHreWB7fcxdthfvoB7z2pfJtpump,abcdefg,2026-03-11T01:30:00+00:00,2026-03-11T01:30:00+00:00,2026-03-11T01:35:00+00:00,0.0,0.0,0.0003699,0.0003699,0.0,universe_snapshot,good
c1964118,EKpQGSJtjMFqKZ9KQanSqYXRcF8fBopzLHYxdM65zcjm,$WIF,2026-03-11T01:30:00+00:00,2026-03-11T01:30:00+00:00,2026-03-11T01:35:00+00:00,0.0,0.0,0.1718,0.1648,-0.040745,universe_snapshot,good
c1964118,AywAYdNJnSLSXwKWYxDciPjqGRnwp4iZdQptuuQTpump,MICHI,2026-03-11T01:30:00+00:00,2026-03-11T01:30:00+00:00,2026-03-11T01:35:00+00:00,0.0,0.0,0.003573,0.003573,0.0,universe_snapshot,good
c1964118,9YMN3QsKPrB4hrA5eUWTKkuvfXgAScCcSXoVXnGQpump,Impossible,2026-03-11T01:30:00+00:00,2026-03-11T01:30:00+00:00,2026-03-11T01:35:00+00:00,0.0,0.0,1.377e-05,1.377e-05,0.0,universe_snapshot,good
c1964118,766whddpsQHS8wy7viUfmuGPrMri1kgGMFwfZMdepump,MONA,2026-03-11T01:30:00+00:00,2026-03-11T01:30:00+00:00,2026-03-11T01:35:00+00:00,0.0,0.0,0.0004114,0.0004114,0.0,universe_snapshot,good
c1964118,bSo13r4TkiE4KumL71LsHTPpL2euBYLFx6h9HP3piy1,bSOL,2026-03-11T01:30:00+00:00,2026-03-11T01:30:00+00:00,2026-03-11T01:35:00+00:00,0.0,0.0,110.26,110.26,0.0,universe_snapshot,good
c1964118,5xyefUMWotwpymF16oTcZiRrv68bXeXne89RbYEHmTkT,69,2026-03-11T01:30:00+00:00,2026-03-11T01:30:00+00:00,2026-03-11T01:35:00+00:00,0.0,0.0,1.757e-05,1.757e-05,0.0,universe_snapshot,good
c1964118,7GCihgDB8fe6KNjn2MYtkzZcRjQy3t9GHdC8uHYmW2hr,POPCAT,2026-03-11T01:30:00+00:00,2026-03-11T01:30:00+00:00,2026-03-11T01:35:00+00:00,0.0,0.0,0.05072,0.051,0.005521,universe_snapshot,good
c1964118,2gUNqbEvuimAmLq98er8MG5cnR9YZ3i7CdbMh2rkpump,ClaudePoop,2026-03-11T01:30:00+00:00,2026-03-11T01:30:00+00:00,2026-03-11T01:35:00+00:00,0.0,0.0,6.303e-06,6.303e-06,0.0,universe_snapshot,good
c1964118,A8C3xuqscfmyLrte3VmTqrAq8kgMASius9AFNANwpump,FWOG,2026-03-11T01:30:00+00:00,2026-03-11T01:30:00+00:00,2026-03-11T01:35:00+00:00,0.0,0.0,0.00584,0.005854,0.002397,universe_snapshot,good
c1964118,5LFvLupAoK5ahUreeSdG47MaK2p3GamxE6r1XZwmpump,PROP,2026-03-11T01:30:00+00:00,2026-03-11T01:30:00+00:00,2026-03-11T01:35:00+00:00,0.0,0.0,0.0001429,0.0001429,0.0,universe_snapshot,good
c1964118,Hqr34r4nmmejFQ1YCmiVMpTkvG4eYSFPTtDuWgefpump,BNKTO,2026-03-11T01:30:00+00:00,2026-03-11T01:30:00+00:00,2026-03-11T01:35:00+00:00,0.0,0.0,0.0001151,0.0001151,0.0,universe_snapshot,good
c1964118,2qEHjDLDLbuBgRYvsxhc5D6uDWAivNFZGan56P1tpump,Pnut ,2026-03-11T01:30:00+00:00,2026-03-11T01:30:00+00:00,2026-03-11T01:35:00+00:00,0.0,0.0,0.04432,0.04432,0.0,universe_snapshot,good
c1964118,Df6yfrKC8kZE3KNkrHERKzAetSxbrWeniQfyJY4Jpump,CHILLGUY,2026-03-11T01:30:00+00:00,2026-03-11T01:30:00+00:00,2026-03-11T01:35:00+00:00,0.0,0.0,0.009621,0.009621,0.0,universe_snapshot,good
c1964118,HRfU5hY1SRJSb2YXk1zSVqe14PWETBe5epFqPaDipump,RETARDINU,2026-03-11T01:30:00+00:00,2026-03-11T01:30:00+00:00,2026-03-11T01:35:00+00:00,0.0,0.0,0.0001266,0.0001266,0.0,universe_snapshot,good
c1964118,HZ1JovNiVvGrGNiiYvEozEVgZ58xaU3RKwX8eACQBCt3,PYTH,2026-03-11T01:30:00+00:00,2026-03-11T01:30:00+00:00,2026-03-11T01:35:00+00:00,0.0,0.0,0.04614,0.04609,-0.001084,universe_snapshot,good
cb93c69a,7vfCXTUXx5WJV5JADk17DUJ4ksgau7utNKj4b963voxs,WETH,2026-03-11T03:00:00+00:00,2026-03-11T03:00:00+00:00,2026-03-11T03:05:00+00:00,0.0,0.0,2024.79,2024.028,-0.000376,universe_snapshot,good
cb93c69a,EPuZ1X6pPzac3ELPsT59LStmgaSr4kBJvaAbL15Fpump,Distorted,2026-03-11T03:00:00+00:00,2026-03-11T03:00:00+00:00,2026-03-11T03:05:00+00:00,0.0,0.0,0.002782,0.002782,0.0,universe_snapshot,good
cb93c69a,5kPosFqLTMLibiiR5Jvch9veDhNhemiC1J3xgXyJpump,LOBSTER,2026-03-11T03:00:00+00:00,2026-03-11T03:00:00+00:00,2026-03-11T03:05:00+00:00,0.0,0.0,8.878e-05,8.878e-05,0.0,universe_snapshot,good
cb93c69a,4k3Dyjzvzp8eMZWUXbBCjEvwSkkk59S5iCNLY3QrkX6R,RAY,2026-03-11T03:00:00+00:00,2026-03-11T03:00:00+00:00,2026-03-11T03:05:00+00:00,0.0,0.0,0.5936,0.5949,0.00219,universe_snapshot,good
cb93c69a,3NZ9JMVBmGAqocybic2c7LQCJScmgsAZ6vQqTDzcqmJh,WBTC,2026-03-11T03:00:00+00:00,2026-03-11T03:00:00+00:00,2026-03-11T03:05:00+00:00,0.0,0.0,69588.89,69594.66,8.3e-05,universe_snapshot,good
cb93c69a,GyL9u313funLmMWrMwxq9EaxMh481NEH9hqdbRQ8pump,MISSILE,2026-03-11T03:00:00+00:00,2026-03-11T03:00:00+00:00,2026-03-11T03:05:00+00:00,0.0,0.0,8.985e-05,8.985e-05,0.0,universe_snapshot,good
cb93c69a,JUPyiwrYJFskUPiHa7hkeR8VUtAeFoSYbKedZNsDvCN,JUP,2026-03-11T03:00:00+00:00,2026-03-11T03:00:00+00:00,2026-03-11T03:05:00+00:00,0.0,0.0,0.165,0.1653,0.001818,universe_snapshot,good
cb93c69a,5P8KkW5jrqdsrhTRGEA91FKdao7CxCb2hJYzLGtCpump,SPACE,2026-03-11T03:00:00+00:00,2026-03-11T03:00:00+00:00,2026-03-11T03:05:00+00:00,0.0,0.0,0.0001134,0.0001134,0.0,universe_snapshot,good
cb93c69a,4D9jZY6nkXnm3ofmWWJVcJrvtXDMfE5Zwy8rZMy5pump,JEW,2026-03-11T03:00:00+00:00,2026-03-11T03:00:00+00:00,2026-03-11T03:05:00+00:00,0.0,0.0,0.0007308,0.0007308,0.0,universe_snapshot,good
cb93c69a,C4yDhKwkikpVGCQWD9BT2SJyHAtRFFnKPDM9Nyshpump,Life,2026-03-11T03:00:00+00:00,2026-03-11T03:00:00+00:00,2026-03-11T03:05:00+00:00,0.0,0.0,0.0003521,0.0003521,0.0,universe_snapshot,good
cb93c69a,C9dJfTGUzhuqPWxh9mcDr66JZN4uzXh2gh9EWnEdpump,WAR,2026-03-11T03:00:00+00:00,2026-03-11T03:00:00+00:00,2026-03-11T03:05:00+00:00,0.0,0.0,0.0282,0.0282,0.0,universe_snapshot,good
cb93c69a,d4VnSVqaUBf3dTxUqdeD4L2ix3rvsEcis4kNv3npump,SIRI,2026-03-11T03:00:00+00:00,2026-03-11T03:00:00+00:00,2026-03-11T03:05:00+00:00,0.0,0.0,0.0001614,0.0001614,0.0,universe_snapshot,good
cb93c69a,mSoLzYCxHdYgdzU16g5QSh3i5K3z3KZK7ytfqcJm7So,mSOL,2026-03-11T03:00:00+00:00,2026-03-11T03:00:00+00:00,2026-03-11T03:05:00+00:00,0.0,0.0,116.96,117.32,0.003078,universe_snapshot,good
cb93c69a,1D2jtKqeNxfQ2bqwyG5UuL2pHNB4gqnz7YMKYQqpump,MWO,2026-03-11T03:00:00+00:00,2026-03-11T03:00:00+00:00,2026-03-11T03:05:00+00:00,0.0,0.0,0.0002608,0.0002608,0.0,universe_snapshot,good
cb93c69a,ukHH6c7mMyiWCf1b9pnWe25TSpkDDt3H5pQZgZ74J82,BOME,2026-03-11T03:00:00+00:00,2026-03-11T03:00:00+00:00,2026-03-11T03:05:00+00:00,0.0,0.0,0.0004199,0.0004212,0.003096,universe_snapshot,good
cb93c69a,9BB6NFEcjBCtnNLFko2FqVQBq8HHM13kCyYcdQbgpump,Fartcoin ,2026-03-11T03:00:00+00:00,2026-03-11T03:00:00+00:00,2026-03-11T03:05:00+00:00,0.0,0.0,0.1543,0.1547,0.002592,universe_snapshot,good
cb93c69a,DTWgi6rxhB8vLLvduTjDxEE5L3UNy6rtePoV4tQgpump,1%,2026-03-11T03:00:00+00:00,2026-03-11T03:00:00+00:00,2026-03-11T03:05:00+00:00,0.0,0.0,0.0001318,0.0001318,0.0,universe_snapshot,good
cb93c69a,DezXAZ8z7PnrnRJjz3wXBoRgixCa6xjnB7YaB1pPB263,Bonk,2026-03-11T03:00:00+00:00,2026-03-11T03:00:00+00:00,2026-03-11T03:05:00+00:00,0.0,0.0,5.92e-06,5.924e-06,0.000676,universe_snapshot,good
cb93c69a,3guyMhp6p7USQUzwTYgXrKoer98rE398grT5RcPKpump,NemoClaw,2026-03-11T03:00:00+00:00,2026-03-11T03:00:00+00:00,2026-03-11T03:05:00+00:00,0.0,0.0,0.000116,0.000116,0.0,universe_snapshot,good
cb93c69a,52nVoVk3BimAtvu2y9q1gnxqgR8pmjcc3v3byGnCuBa,SCUBA,2026-03-11T03:00:00+00:00,2026-03-11T03:00:00+00:00,2026-03-11T03:05:00+00:00,0.0,0.0,0.0005216,0.0005216,0.0,universe_snapshot,good
cb93c69a,8FSsdMVHLxbNqgWDDq2ihhKx69ja7QP6ZW5xy1Z8pump,5,2026-03-11T03:00:00+00:00,2026-03-11T03:00:00+00:00,2026-03-11T03:05:00+00:00,0.0,0.0,0.0001624,0.0001624,0.0,universe_snapshot,good
cb93c69a,7oXNE1dbpHUp6dn1JF8pRgCtzfCy4P2FuBneWjZHpump,WhiteHouse,2026-03-11T03:00:00+00:00,2026-03-11T03:00:00+00:00,2026-03-11T03:05:00+00:00,0.0,0.0,0.0003338,0.0003338,0.0,universe_snapshot,good
cb93c69a,EZLLufinMrWSx6qwieexBbNjv6BUjcLF4pm6peZwpump,WSL,2026-03-11T03:00:00+00:00,2026-03-11T03:00:00+00:00,2026-03-11T03:05:00+00:00,0.0,0.0,0.0006375,0.0006375,0.0,universe_snapshot,good
cb93c69a,orcaEKTdK7LKz57vaAYr9QeNsVEPfiu6QeMU1kektZE,ORCA,2026-03-11T03:00:00+00:00,2026-03-11T03:00:00+00:00,2026-03-11T03:05:00+00:00,0.0,0.0,0.933,0.9315,-0.001608,universe_snapshot,good
cb93c69a,DUr5rZAfYduvihaiyMnfqgnhqYWbPWJXvK954qyTpump,SOLINU,2026-03-11T03:00:00+00:00,2026-03-11T03:00:00+00:00,2026-03-11T03:05:00+00:00,0.0,0.0,0.0001023,0.0001023,0.0,universe_snapshot,good
cb93c69a,AywAYdNJnSLSXwKWYxDciPjqGRnwp4iZdQptuuQTpump,MICHI,2026-03-11T03:00:00+00:00,2026-03-11T03:00:00+00:00,2026-03-11T03:05:00+00:00,0.0,0.0,0.00245,0.00245,0.0,universe_snapshot,good
cb93c69a,89S7oVB4hui8ceJqhHreWB7fcxdthfvoB7z2pfJtpump,abcdefg,2026-03-11T03:00:00+00:00,2026-03-11T03:00:00+00:00,2026-03-11T03:05:00+00:00,0.0,0.0,0.0003468,0.0003468,0.0,universe_snapshot,good
cb93c69a,EKpQGSJtjMFqKZ9KQanSqYXRcF8fBopzLHYxdM65zcjm,$WIF,2026-03-11T03:00:00+00:00,2026-03-11T03:00:00+00:00,2026-03-11T03:05:00+00:00,0.0,0.0,0.1628,0.1635,0.0043,universe_snapshot,good
cb93c69a,766whddpsQHS8wy7viUfmuGPrMri1kgGMFwfZMdepump,MONA,2026-03-11T03:00:00+00:00,2026-03-11T03:00:00+00:00,2026-03-11T03:05:00+00:00,0.0,0.0,0.0003598,0.0003598,0.0,universe_snapshot,good
cb93c69a,bSo13r4TkiE4KumL71LsHTPpL2euBYLFx6h9HP3piy1,bSOL,2026-03-11T03:00:00+00:00,2026-03-11T03:00:00+00:00,2026-03-11T03:05:00+00:00,0.0,0.0,109.7,109.7,0.0,universe_snapshot,good
cb93c69a,9entUNqQgVdHHzMDTcje7WfGSPdP93SmLRXUAxt9pump,build,2026-03-11T03:00:00+00:00,2026-03-11T03:00:00+00:00,2026-03-11T03:05:00+00:00,0.0,0.0,1.521e-05,1.521e-05,0.0,universe_snapshot,good
cb93c69a,7GCihgDB8fe6KNjn2MYtkzZcRjQy3t9GHdC8uHYmW2hr,POPCAT,2026-03-11T03:00:00+00:00,2026-03-11T03:00:00+00:00,2026-03-11T03:05:00+00:00,0.0,0.0,0.05053,0.05104,0.010093,universe_snapshot,good
cb93c69a,HBVnKYMkJVHSqm4WcYisGzZhWG4ugwdUgXk7UVYypump,Human,2026-03-11T03:00:00+00:00,2026-03-11T03:00:00+00:00,2026-03-11T03:05:00+00:00,0.0,0.0,3.203e-05,3.203e-05,0.0,universe_snapshot,good
cb93c69a,Hqr34r4nmmejFQ1YCmiVMpTkvG4eYSFPTtDuWgefpump,BNKTO,2026-03-11T03:00:00+00:00,2026-03-11T03:00:00+00:00,2026-03-11T03:05:00+00:00,0.0,0.0,9.608e-05,9.608e-05,0.0,universe_snapshot,good
cb93c69a,A8C3xuqscfmyLrte3VmTqrAq8kgMASius9AFNANwpump,FWOG,2026-03-11T03:00:00+00:00,2026-03-11T03:00:00+00:00,2026-03-11T03:05:00+00:00,0.0,0.0,0.005838,0.005838,0.0,universe_snapshot,good
cb93c69a,2qEHjDLDLbuBgRYvsxhc5D6uDWAivNFZGan56P1tpump,Pnut ,2026-03-11T03:00:00+00:00,2026-03-11T03:00:00+00:00,2026-03-11T03:05:00+00:00,0.0,0.0,0.04405,0.04433,0.006356,universe_snapshot,good
cb93c69a,Df6yfrKC8kZE3KNkrHERKzAetSxbrWeniQfyJY4Jpump,CHILLGUY,2026-03-11T03:00:00+00:00,2026-03-11T03:00:00+00:00,2026-03-11T03:05:00+00:00,0.0,0.0,0.009333,0.009352,0.002036,universe_snapshot,good
cb93c69a,36zfVDk4jxt89p314nQ1u4DWfwvmht8NQLmpNxNipump,TopGoy,2026-03-11T03:00:00+00:00,2026-03-11T03:00:00+00:00,2026-03-11T03:05:00+00:00,0.0,0.0,5.558e-06,5.558e-06,0.0,universe_snapshot,good
cb93c69a,HZ1JovNiVvGrGNiiYvEozEVgZ58xaU3RKwX8eACQBCt3,PYTH,2026-03-11T03:00:00+00:00,2026-03-11T03:00:00+00:00,2026-03-11T03:05:00+00:00,0.0,0.0,0.04592,0.04592,0.0,universe_snapshot,good
ccd535fe,7vfCXTUXx5WJV5JADk17DUJ4ksgau7utNKj4b963voxs,WETH,2026-03-11T02:30:00+00:00,2026-03-11T02:30:00+00:00,2026-03-11T02:35:00+00:00,0.0,0.0,2031.37,2026.86,-0.00222,universe_snapshot,good
ccd535fe,EPuZ1X6pPzac3ELPsT59LStmgaSr4kBJvaAbL15Fpump,Distorted,2026-03-11T02:30:00+00:00,2026-03-11T02:30:00+00:00,2026-03-11T02:35:00+00:00,0.0,0.0,0.002393,0.002393,0.0,universe_snapshot,good
ccd535fe,5kPosFqLTMLibiiR5Jvch9veDhNhemiC1J3xgXyJpump,LOBSTER,2026-03-11T02:30:00+00:00,2026-03-11T02:30:00+00:00,2026-03-11T02:35:00+00:00,0.0,0.0,0.0001021,0.0001021,0.0,universe_snapshot,good
ccd535fe,4k3Dyjzvzp8eMZWUXbBCjEvwSkkk59S5iCNLY3QrkX6R,RAY,2026-03-11T02:30:00+00:00,2026-03-11T02:30:00+00:00,2026-03-11T02:35:00+00:00,0.0,0.0,0.5948,0.5938,-0.001681,universe_snapshot,good
ccd535fe,3NZ9JMVBmGAqocybic2c7LQCJScmgsAZ6vQqTDzcqmJh,WBTC,2026-03-11T02:30:00+00:00,2026-03-11T02:30:00+00:00,2026-03-11T02:35:00+00:00,0.0,0.0,69791.55,69606.76,-0.002648,universe_snapshot,good
ccd535fe,GyL9u313funLmMWrMwxq9EaxMh481NEH9hqdbRQ8pump,MISSILE,2026-03-11T02:30:00+00:00,2026-03-11T02:30:00+00:00,2026-03-11T02:35:00+00:00,0.0,0.0,7.442e-05,7.442e-05,0.0,universe_snapshot,good
ccd535fe,5P8KkW5jrqdsrhTRGEA91FKdao7CxCb2hJYzLGtCpump,SPACE,2026-03-11T02:30:00+00:00,2026-03-11T02:30:00+00:00,2026-03-11T02:35:00+00:00,0.0,0.0,0.0001293,0.0001293,0.0,universe_snapshot,good
ccd535fe,JUPyiwrYJFskUPiHa7hkeR8VUtAeFoSYbKedZNsDvCN,JUP,2026-03-11T02:30:00+00:00,2026-03-11T02:30:00+00:00,2026-03-11T02:35:00+00:00,0.0,0.0,0.165,0.165,0.0,universe_snapshot,good
ccd535fe,4D9jZY6nkXnm3ofmWWJVcJrvtXDMfE5Zwy8rZMy5pump,JEW,2026-03-11T02:30:00+00:00,2026-03-11T02:30:00+00:00,2026-03-11T02:35:00+00:00,0.0,0.0,0.0007042,0.0007042,0.0,universe_snapshot,good
ccd535fe,C4yDhKwkikpVGCQWD9BT2SJyHAtRFFnKPDM9Nyshpump,Life,2026-03-11T02:30:00+00:00,2026-03-11T02:30:00+00:00,2026-03-11T02:35:00+00:00,0.0,0.0,0.0003904,0.0003904,0.0,universe_snapshot,good
ccd535fe,d4VnSVqaUBf3dTxUqdeD4L2ix3rvsEcis4kNv3npump,SIRI,2026-03-11T02:30:00+00:00,2026-03-11T02:30:00+00:00,2026-03-11T02:35:00+00:00,0.0,0.0,0.0001902,0.0001902,0.0,universe_snapshot,good
ccd535fe,C9dJfTGUzhuqPWxh9mcDr66JZN4uzXh2gh9EWnEdpump,WAR,2026-03-11T02:30:00+00:00,2026-03-11T02:30:00+00:00,2026-03-11T02:35:00+00:00,0.0,0.0,0.0293,0.0293,0.0,universe_snapshot,good
ccd535fe,mSoLzYCxHdYgdzU16g5QSh3i5K3z3KZK7ytfqcJm7So,mSOL,2026-03-11T02:30:00+00:00,2026-03-11T02:30:00+00:00,2026-03-11T02:35:00+00:00,0.0,0.0,116.83,116.83,0.0,universe_snapshot,good
ccd535fe,3guyMhp6p7USQUzwTYgXrKoer98rE398grT5RcPKpump,NemoClaw,2026-03-11T02:30:00+00:00,2026-03-11T02:30:00+00:00,2026-03-11T02:35:00+00:00,0.0,0.0,9.561e-05,9.561e-05,0.0,universe_snapshot,good
ccd535fe,1D2jtKqeNxfQ2bqwyG5UuL2pHNB4gqnz7YMKYQqpump,MWO,2026-03-11T02:30:00+00:00,2026-03-11T02:30:00+00:00,2026-03-11T02:35:00+00:00,0.0,0.0,0.000292,0.000292,0.0,universe_snapshot,good
ccd535fe,ukHH6c7mMyiWCf1b9pnWe25TSpkDDt3H5pQZgZ74J82,BOME,2026-03-11T02:30:00+00:00,2026-03-11T02:30:00+00:00,2026-03-11T02:35:00+00:00,0.0,0.0,0.0004184,0.0004207,0.005497,universe_snapshot,good
ccd535fe,FcUdd49bfuajzmVKxGDkyFWqZp7vXkh1fpsCmtYApump,PumpLiquid,2026-03-11T02:30:00+00:00,2026-03-11T02:30:00+00:00,2026-03-11T02:35:00+00:00,0.0,0.0,9.273e-05,9.273e-05,0.0,universe_snapshot,good
ccd535fe,9BB6NFEcjBCtnNLFko2FqVQBq8HHM13kCyYcdQbgpump,Fartcoin ,2026-03-11T02:30:00+00:00,2026-03-11T02:30:00+00:00,2026-03-11T02:35:00+00:00,0.0,0.0,0.1545,0.1543,-0.001294,universe_snapshot,good
ccd535fe,6uQQGTmjEDKP8Ag1ST3UoXkLjjzuU4Ax7mYcnu9Tpump,creature,2026-03-11T02:30:00+00:00,2026-03-11T02:30:00+00:00,2026-03-11T02:35:00+00:00,0.0,0.0,8.014e-05,8.014e-05,0.0,universe_snapshot,good
ccd535fe,DTWgi6rxhB8vLLvduTjDxEE5L3UNy6rtePoV4tQgpump,1%,2026-03-11T02:30:00+00:00,2026-03-11T02:30:00+00:00,2026-03-11T02:35:00+00:00,0.0,0.0,0.000124,0.000124,0.0,universe_snapshot,good
ccd535fe,52nVoVk3BimAtvu2y9q1gnxqgR8pmjcc3v3byGnCuBa,SCUBA,2026-03-11T02:30:00+00:00,2026-03-11T02:30:00+00:00,2026-03-11T02:35:00+00:00,0.0,0.0,0.0004565,0.0004565,0.0,universe_snapshot,good
ccd535fe,8FSsdMVHLxbNqgWDDq2ihhKx69ja7QP6ZW5xy1Z8pump,5,2026-03-11T02:30:00+00:00,2026-03-11T02:30:00+00:00,2026-03-11T02:35:00+00:00,0.0,0.0,0.0001488,0.0001488,0.0,universe_snapshot,good
ccd535fe,7oXNE1dbpHUp6dn1JF8pRgCtzfCy4P2FuBneWjZHpump,WhiteHouse,2026-03-11T02:30:00+00:00,2026-03-11T02:30:00+00:00,2026-03-11T02:35:00+00:00,0.0,0.0,0.0003084,0.0003084,0.0,universe_snapshot,good
ccd535fe,DUr5rZAfYduvihaiyMnfqgnhqYWbPWJXvK954qyTpump,SOLINU,2026-03-11T02:30:00+00:00,2026-03-11T02:30:00+00:00,2026-03-11T02:35:00+00:00,0.0,0.0,0.0001162,0.0001162,0.0,universe_snapshot,good
ccd535fe,orcaEKTdK7LKz57vaAYr9QeNsVEPfiu6QeMU1kektZE,ORCA,2026-03-11T02:30:00+00:00,2026-03-11T02:30:00+00:00,2026-03-11T02:35:00+00:00,0.0,0.0,0.9344,0.9328,-0.001712,universe_snapshot,good
ccd535fe,89S7oVB4hui8ceJqhHreWB7fcxdthfvoB7z2pfJtpump,abcdefg,2026-03-11T02:30:00+00:00,2026-03-11T02:30:00+00:00,2026-03-11T02:35:00+00:00,0.0,0.0,0.0003257,0.0003257,0.0,universe_snapshot,good
ccd535fe,AywAYdNJnSLSXwKWYxDciPjqGRnwp4iZdQptuuQTpump,MICHI,2026-03-11T02:30:00+00:00,2026-03-11T02:30:00+00:00,2026-03-11T02:35:00+00:00,0.0,0.0,0.003368,0.003368,0.0,universe_snapshot,good
ccd535fe,EZLLufinMrWSx6qwieexBbNjv6BUjcLF4pm6peZwpump,WSL,2026-03-11T02:30:00+00:00,2026-03-11T02:30:00+00:00,2026-03-11T02:35:00+00:00,0.0,0.0,0.0005297,0.0005297,0.0,universe_snapshot,good
ccd535fe,766whddpsQHS8wy7viUfmuGPrMri1kgGMFwfZMdepump,MONA,2026-03-11T02:30:00+00:00,2026-03-11T02:30:00+00:00,2026-03-11T02:35:00+00:00,0.0,0.0,0.0003762,0.0003762,0.0,universe_snapshot,good
ccd535fe,bSo13r4TkiE4KumL71LsHTPpL2euBYLFx6h9HP3piy1,bSOL,2026-03-11T02:30:00+00:00,2026-03-11T02:30:00+00:00,2026-03-11T02:35:00+00:00,0.0,0.0,110.32,110.32,0.0,universe_snapshot,good
ccd535fe,5xyefUMWotwpymF16oTcZiRrv68bXeXne89RbYEHmTkT,69,2026-03-11T02:30:00+00:00,2026-03-11T02:30:00+00:00,2026-03-11T02:35:00+00:00,0.0,0.0,1.679e-05,1.679e-05,0.0,universe_snapshot,good
ccd535fe,7GCihgDB8fe6KNjn2MYtkzZcRjQy3t9GHdC8uHYmW2hr,POPCAT,2026-03-11T02:30:00+00:00,2026-03-11T02:30:00+00:00,2026-03-11T02:35:00+00:00,0.0,0.0,0.05076,0.05076,0.0,universe_snapshot,good
ccd535fe,9jpwUpdJV8y3Hg3Keg8FnYkEMFZ8HqNECqrmHHBVpump,HEHE,2026-03-11T02:30:00+00:00,2026-03-11T02:30:00+00:00,2026-03-11T02:35:00+00:00,0.0,0.0,9.844e-06,9.844e-06,0.0,universe_snapshot,good
ccd535fe,HBVnKYMkJVHSqm4WcYisGzZhWG4ugwdUgXk7UVYypump,Human,2026-03-11T02:30:00+00:00,2026-03-11T02:30:00+00:00,2026-03-11T02:35:00+00:00,0.0,0.0,2.506e-05,2.506e-05,0.0,universe_snapshot,good
ccd535fe,A8C3xuqscfmyLrte3VmTqrAq8kgMASius9AFNANwpump,FWOG,2026-03-11T02:30:00+00:00,2026-03-11T02:30:00+00:00,2026-03-11T02:35:00+00:00,0.0,0.0,0.005852,0.005852,0.0,universe_snapshot,good
ccd535fe,2qEHjDLDLbuBgRYvsxhc5D6uDWAivNFZGan56P1tpump,Pnut ,2026-03-11T02:30:00+00:00,2026-03-11T02:30:00+00:00,2026-03-11T02:35:00+00:00,0.0,0.0,0.04435,0.04428,-0.001578,universe_snapshot,good
ccd535fe,Df6yfrKC8kZE3KNkrHERKzAetSxbrWeniQfyJY4Jpump,CHILLGUY,2026-03-11T02:30:00+00:00,2026-03-11T02:30:00+00:00,2026-03-11T02:35:00+00:00,0.0,0.0,0.009469,0.009473,0.000422,universe_snapshot,good
ccd535fe,36zfVDk4jxt89p314nQ1u4DWfwvmht8NQLmpNxNipump,TopGoy,2026-03-11T02:30:00+00:00,2026-03-11T02:30:00+00:00,2026-03-11T02:35:00+00:00,0.0,0.0,1.051e-05,1.051e-05,0.0,universe_snapshot,good
ccd535fe,HZ1JovNiVvGrGNiiYvEozEVgZ58xaU3RKwX8eACQBCt3,PYTH,2026-03-11T02:30:00+00:00,2026-03-11T02:30:00+00:00,2026-03-11T02:35:00+00:00,0.0,0.0,0.04602,0.04602,0.0,universe_snapshot,good
ccd535fe,5Y82ZXTCe8qGpvHurG1pyma416Cvg7oSAejJ4sXxpump,Sim,2026-03-11T02:30:00+00:00,2026-03-11T02:30:00+00:00,2026-03-11T02:35:00+00:00,0.0,0.0,1.069e-05,1.069e-05,0.0,universe_snapshot,good
ccd535fe,5LsptCQnV82SemsBbdXKowCpDpZGyRHHwqn3ATiApump,UXR,2026-03-11T02:30:00+00:00,2026-03-11T02:30:00+00:00,2026-03-11T02:35:00+00:00,0.0,0.0,7.646e-05,7.646e-05,0.0,universe_snapshot,good
dd6f8947,7vfCXTUXx5WJV5JADk17DUJ4ksgau7utNKj4b963voxs,WETH,2026-03-11T02:15:00+00:00,2026-03-11T02:15:00+00:00,2026-03-11T02:20:00+00:00,0.0,0.0,2036.67,2036.45,-0.000108,universe_snapshot,good
dd6f8947,EPuZ1X6pPzac3ELPsT59LStmgaSr4kBJvaAbL15Fpump,Distorted,2026-03-11T02:15:00+00:00,2026-03-11T02:15:00+00:00,2026-03-11T02:20:00+00:00,0.0,0.0,0.002393,0.002393,0.0,universe_snapshot,good
dd6f8947,5kPosFqLTMLibiiR5Jvch9veDhNhemiC1J3xgXyJpump,LOBSTER,2026-03-11T02:15:00+00:00,2026-03-11T02:15:00+00:00,2026-03-11T02:20:00+00:00,0.0,0.0,0.0001021,0.0001021,0.0,universe_snapshot,good
dd6f8947,4k3Dyjzvzp8eMZWUXbBCjEvwSkkk59S5iCNLY3QrkX6R,RAY,2026-03-11T02:15:00+00:00,2026-03-11T02:15:00+00:00,2026-03-11T02:20:00+00:00,0.0,0.0,0.5947,0.5946,-0.000168,universe_snapshot,good
dd6f8947,3NZ9JMVBmGAqocybic2c7LQCJScmgsAZ6vQqTDzcqmJh,WBTC,2026-03-11T02:15:00+00:00,2026-03-11T02:15:00+00:00,2026-03-11T02:20:00+00:00,0.0,0.0,69903.72,69903.72,0.0,universe_snapshot,good
dd6f8947,GyL9u313funLmMWrMwxq9EaxMh481NEH9hqdbRQ8pump,MISSILE,2026-03-11T02:15:00+00:00,2026-03-11T02:15:00+00:00,2026-03-11T02:20:00+00:00,0.0,0.0,7.442e-05,7.442e-05,0.0,universe_snapshot,good
dd6f8947,5P8KkW5jrqdsrhTRGEA91FKdao7CxCb2hJYzLGtCpump,SPACE,2026-03-11T02:15:00+00:00,2026-03-11T02:15:00+00:00,2026-03-11T02:20:00+00:00,0.0,0.0,0.0001293,0.0001293,0.0,universe_snapshot,good
dd6f8947,JUPyiwrYJFskUPiHa7hkeR8VUtAeFoSYbKedZNsDvCN,JUP,2026-03-11T02:15:00+00:00,2026-03-11T02:15:00+00:00,2026-03-11T02:20:00+00:00,0.0,0.0,0.165,0.165,0.0,universe_snapshot,good
dd6f8947,4D9jZY6nkXnm3ofmWWJVcJrvtXDMfE5Zwy8rZMy5pump,JEW,2026-03-11T02:15:00+00:00,2026-03-11T02:15:00+00:00,2026-03-11T02:20:00+00:00,0.0,0.0,0.0007042,0.0007042,0.0,universe_snapshot,good
dd6f8947,C4yDhKwkikpVGCQWD9BT2SJyHAtRFFnKPDM9Nyshpump,Life,2026-03-11T02:15:00+00:00,2026-03-11T02:15:00+00:00,2026-03-11T02:20:00+00:00,0.0,0.0,0.0003904,0.0003904,0.0,universe_snapshot,good
dd6f8947,d4VnSVqaUBf3dTxUqdeD4L2ix3rvsEcis4kNv3npump,SIRI,2026-03-11T02:15:00+00:00,2026-03-11T02:15:00+00:00,2026-03-11T02:20:00+00:00,0.0,0.0,0.0001902,0.0001902,0.0,universe_snapshot,good
dd6f8947,C9dJfTGUzhuqPWxh9mcDr66JZN4uzXh2gh9EWnEdpump,WAR,2026-03-11T02:15:00+00:00,2026-03-11T02:15:00+00:00,2026-03-11T02:20:00+00:00,0.0,0.0,0.0293,0.0293,0.0,universe_snapshot,good
dd6f8947,mSoLzYCxHdYgdzU16g5QSh3i5K3z3KZK7ytfqcJm7So,mSOL,2026-03-11T02:15:00+00:00,2026-03-11T02:15:00+00:00,2026-03-11T02:20:00+00:00,0.0,0.0,116.83,116.83,0.0,universe_snapshot,good
dd6f8947,3guyMhp6p7USQUzwTYgXrKoer98rE398grT5RcPKpump,NemoClaw,2026-03-11T02:15:00+00:00,2026-03-11T02:15:00+00:00,2026-03-11T02:20:00+00:00,0.0,0.0,9.561e-05,9.561e-05,0.0,universe_snapshot,good
dd6f8947,1D2jtKqeNxfQ2bqwyG5UuL2pHNB4gqnz7YMKYQqpump,MWO,2026-03-11T02:15:00+00:00,2026-03-11T02:15:00+00:00,2026-03-11T02:20:00+00:00,0.0,0.0,0.000292,0.000292,0.0,universe_snapshot,good
dd6f8947,ukHH6c7mMyiWCf1b9pnWe25TSpkDDt3H5pQZgZ74J82,BOME,2026-03-11T02:15:00+00:00,2026-03-11T02:15:00+00:00,2026-03-11T02:20:00+00:00,0.0,0.0,0.0004187,0.0004187,0.0,universe_snapshot,good
dd6f8947,FcUdd49bfuajzmVKxGDkyFWqZp7vXkh1fpsCmtYApump,PumpLiquid,2026-03-11T02:15:00+00:00,2026-03-11T02:15:00+00:00,2026-03-11T02:20:00+00:00,0.0,0.0,9.273e-05,9.273e-05,0.0,universe_snapshot,good
dd6f8947,9BB6NFEcjBCtnNLFko2FqVQBq8HHM13kCyYcdQbgpump,Fartcoin ,2026-03-11T02:15:00+00:00,2026-03-11T02:15:00+00:00,2026-03-11T02:20:00+00:00,0.0,0.0,0.1542,0.1546,0.002594,universe_snapshot,good
dd6f8947,6uQQGTmjEDKP8Ag1ST3UoXkLjjzuU4Ax7mYcnu9Tpump,creature,2026-03-11T02:15:00+00:00,2026-03-11T02:15:00+00:00,2026-03-11T02:20:00+00:00,0.0,0.0,8.014e-05,8.014e-05,0.0,universe_snapshot,good
dd6f8947,DTWgi6rxhB8vLLvduTjDxEE5L3UNy6rtePoV4tQgpump,1%,2026-03-11T02:15:00+00:00,2026-03-11T02:15:00+00:00,2026-03-11T02:20:00+00:00,0.0,0.0,0.000124,0.000124,0.0,universe_snapshot,good
dd6f8947,DezXAZ8z7PnrnRJjz3wXBoRgixCa6xjnB7YaB1pPB263,Bonk,2026-03-11T02:15:00+00:00,2026-03-11T02:15:00+00:00,2026-03-11T02:20:00+00:00,0.0,0.0,5.914e-06,5.912e-06,-0.000338,universe_snapshot,good
dd6f8947,52nVoVk3BimAtvu2y9q1gnxqgR8pmjcc3v3byGnCuBa,SCUBA,2026-03-11T02:15:00+00:00,2026-03-11T02:15:00+00:00,2026-03-11T02:20:00+00:00,0.0,0.0,0.0004565,0.0004565,0.0,universe_snapshot,good
dd6f8947,8FSsdMVHLxbNqgWDDq2ihhKx69ja7QP6ZW5xy1Z8pump,5,2026-03-11T02:15:00+00:00,2026-03-11T02:15:00+00:00,2026-03-11T02:20:00+00:00,0.0,0.0,0.0001488,0.0001488,0.0,universe_snapshot,good
dd6f8947,7oXNE1dbpHUp6dn1JF8pRgCtzfCy4P2FuBneWjZHpump,WhiteHouse,2026-03-11T02:15:00+00:00,2026-03-11T02:15:00+00:00,2026-03-11T02:20:00+00:00,0.0,0.0,0.0003084,0.0003084,0.0,universe_snapshot,good
dd6f8947,DUr5rZAfYduvihaiyMnfqgnhqYWbPWJXvK954qyTpump,SOLINU,2026-03-11T02:15:00+00:00,2026-03-11T02:15:00+00:00,2026-03-11T02:20:00+00:00,0.0,0.0,0.0001162,0.0001162,0.0,universe_snapshot,good
dd6f8947,orcaEKTdK7LKz57vaAYr9QeNsVEPfiu6QeMU1kektZE,ORCA,2026-03-11T02:15:00+00:00,2026-03-11T02:15:00+00:00,2026-03-11T02:20:00+00:00,0.0,0.0,0.9349,0.9355,0.000642,universe_snapshot,good
dd6f8947,89S7oVB4hui8ceJqhHreWB7fcxdthfvoB7z2pfJtpump,abcdefg,2026-03-11T02:15:00+00:00,2026-03-11T02:15:00+00:00,2026-03-11T02:20:00+00:00,0.0,0.0,0.0003257,0.0003257,0.0,universe_snapshot,good
dd6f8947,EKpQGSJtjMFqKZ9KQanSqYXRcF8fBopzLHYxdM65zcjm,$WIF,2026-03-11T02:15:00+00:00,2026-03-11T02:15:00+00:00,2026-03-11T02:20:00+00:00,0.0,0.0,0.1642,0.1634,-0.004872,universe_snapshot,good
dd6f8947,AywAYdNJnSLSXwKWYxDciPjqGRnwp4iZdQptuuQTpump,MICHI,2026-03-11T02:15:00+00:00,2026-03-11T02:15:00+00:00,2026-03-11T02:20:00+00:00,0.0,0.0,0.003368,0.003368,0.0,universe_snapshot,good
dd6f8947,EZLLufinMrWSx6qwieexBbNjv6BUjcLF4pm6peZwpump,WSL,2026-03-11T02:15:00+00:00,2026-03-11T02:15:00+00:00,2026-03-11T02:20:00+00:00,0.0,0.0,0.0005297,0.0005297,0.0,universe_snapshot,good
dd6f8947,766whddpsQHS8wy7viUfmuGPrMri1kgGMFwfZMdepump,MONA,2026-03-11T02:15:00+00:00,2026-03-11T02:15:00+00:00,2026-03-11T02:20:00+00:00,0.0,0.0,0.0003762,0.0003762,0.0,universe_snapshot,good
dd6f8947,bSo13r4TkiE4KumL71LsHTPpL2euBYLFx6h9HP3piy1,bSOL,2026-03-11T02:15:00+00:00,2026-03-11T02:15:00+00:00,2026-03-11T02:20:00+00:00,0.0,0.0,110.32,110.32,0.0,universe_snapshot,good
dd6f8947,5xyefUMWotwpymF16oTcZiRrv68bXeXne89RbYEHmTkT,69,2026-03-11T02:15:00+00:00,2026-03-11T02:15:00+00:00,2026-03-11T02:20:00+00:00,0.0,0.0,1.679e-05,1.679e-05,0.0,universe_snapshot,good
dd6f8947,7GCihgDB8fe6KNjn2MYtkzZcRjQy3t9GHdC8uHYmW2hr,POPCAT,2026-03-11T02:15:00+00:00,2026-03-11T02:15:00+00:00,2026-03-11T02:20:00+00:00,0.0,0.0,0.05107,0.0508,-0.005287,universe_snapshot,good
dd6f8947,9jpwUpdJV8y3Hg3Keg8FnYkEMFZ8HqNECqrmHHBVpump,HEHE,2026-03-11T02:15:00+00:00,2026-03-11T02:15:00+00:00,2026-03-11T02:20:00+00:00,0.0,0.0,9.844e-06,9.844e-06,0.0,universe_snapshot,good
dd6f8947,HBVnKYMkJVHSqm4WcYisGzZhWG4ugwdUgXk7UVYypump,Human,2026-03-11T02:15:00+00:00,2026-03-11T02:15:00+00:00,2026-03-11T02:20:00+00:00,0.0,0.0,2.506e-05,2.506e-05,0.0,universe_snapshot,good
dd6f8947,A8C3xuqscfmyLrte3VmTqrAq8kgMASius9AFNANwpump,FWOG,2026-03-11T02:15:00+00:00,2026-03-11T02:15:00+00:00,2026-03-11T02:20:00+00:00,0.0,0.0,0.005824,0.005852,0.004808,universe_snapshot,good
dd6f8947,2qEHjDLDLbuBgRYvsxhc5D6uDWAivNFZGan56P1tpump,Pnut ,2026-03-11T02:15:00+00:00,2026-03-11T02:15:00+00:00,2026-03-11T02:20:00+00:00,0.0,0.0,0.04443,0.04417,-0.005852,universe_snapshot,good
dd6f8947,Df6yfrKC8kZE3KNkrHERKzAetSxbrWeniQfyJY4Jpump,CHILLGUY,2026-03-11T02:15:00+00:00,2026-03-11T02:15:00+00:00,2026-03-11T02:20:00+00:00,0.0,0.0,0.009516,0.009513,-0.000315,universe_snapshot,good
dd6f8947,36zfVDk4jxt89p314nQ1u4DWfwvmht8NQLmpNxNipump,TopGoy,2026-03-11T02:15:00+00:00,2026-03-11T02:15:00+00:00,2026-03-11T02:20:00+00:00,0.0,0.0,1.051e-05,1.051e-05,0.0,universe_snapshot,good
dd6f8947,HZ1JovNiVvGrGNiiYvEozEVgZ58xaU3RKwX8eACQBCt3,PYTH,2026-03-11T02:15:00+00:00,2026-03-11T02:15:00+00:00,2026-03-11T02:20:00+00:00,0.0,0.0,0.04607,0.04607,0.0,universe_snapshot,good
dd6f8947,5Y82ZXTCe8qGpvHurG1pyma416Cvg7oSAejJ4sXxpump,Sim,2026-03-11T02:15:00+00:00,2026-03-11T02:15:00+00:00,2026-03-11T02:20:00+00:00,0.0,0.0,1.069e-05,1.069e-05,0.0,universe_snapshot,good
dd6f8947,5LsptCQnV82SemsBbdXKowCpDpZGyRHHwqn3ATiApump,UXR,2026-03-11T02:15:00+00:00,2026-03-11T02:15:00+00:00,2026-03-11T02:20:00+00:00,0.0,0.0,7.646e-05,7.646e-05,0.0,universe_snapshot,good
ef555107,7vfCXTUXx5WJV5JADk17DUJ4ksgau7utNKj4b963voxs,WETH,2026-03-11T02:45:00+00:00,2026-03-11T02:45:00+00:00,2026-03-11T02:50:00+00:00,0.0,0.0,2022.25,2022.26,5e-06,universe_snapshot,good
ef555107,EPuZ1X6pPzac3ELPsT59LStmgaSr4kBJvaAbL15Fpump,Distorted,2026-03-11T02:45:00+00:00,2026-03-11T02:45:00+00:00,2026-03-11T02:50:00+00:00,0.0,0.0,0.002782,0.002782,0.0,universe_snapshot,good
ef555107,5kPosFqLTMLibiiR5Jvch9veDhNhemiC1J3xgXyJpump,LOBSTER,2026-03-11T02:45:00+00:00,2026-03-11T02:45:00+00:00,2026-03-11T02:50:00+00:00,0.0,0.0,8.878e-05,8.878e-05,0.0,universe_snapshot,good
ef555107,4k3Dyjzvzp8eMZWUXbBCjEvwSkkk59S5iCNLY3QrkX6R,RAY,2026-03-11T02:45:00+00:00,2026-03-11T02:45:00+00:00,2026-03-11T02:50:00+00:00,0.0,0.0,0.5924,0.5922,-0.000338,universe_snapshot,good
ef555107,3NZ9JMVBmGAqocybic2c7LQCJScmgsAZ6vQqTDzcqmJh,WBTC,2026-03-11T02:45:00+00:00,2026-03-11T02:45:00+00:00,2026-03-11T02:50:00+00:00,0.0,0.0,69468.29,69547.25,0.001137,universe_snapshot,good
ef555107,GyL9u313funLmMWrMwxq9EaxMh481NEH9hqdbRQ8pump,MISSILE,2026-03-11T02:45:00+00:00,2026-03-11T02:45:00+00:00,2026-03-11T02:50:00+00:00,0.0,0.0,8.985e-05,8.985e-05,0.0,universe_snapshot,good
ef555107,JUPyiwrYJFskUPiHa7hkeR8VUtAeFoSYbKedZNsDvCN,JUP,2026-03-11T02:45:00+00:00,2026-03-11T02:45:00+00:00,2026-03-11T02:50:00+00:00,0.0,0.0,0.1642,0.1644,0.001218,universe_snapshot,good
ef555107,5P8KkW5jrqdsrhTRGEA91FKdao7CxCb2hJYzLGtCpump,SPACE,2026-03-11T02:45:00+00:00,2026-03-11T02:45:00+00:00,2026-03-11T02:50:00+00:00,0.0,0.0,0.0001134,0.0001134,0.0,universe_snapshot,good
ef555107,4D9jZY6nkXnm3ofmWWJVcJrvtXDMfE5Zwy8rZMy5pump,JEW,2026-03-11T02:45:00+00:00,2026-03-11T02:45:00+00:00,2026-03-11T02:50:00+00:00,0.0,0.0,0.0007308,0.0007308,0.0,universe_snapshot,good
ef555107,C4yDhKwkikpVGCQWD9BT2SJyHAtRFFnKPDM9Nyshpump,Life,2026-03-11T02:45:00+00:00,2026-03-11T02:45:00+00:00,2026-03-11T02:50:00+00:00,0.0,0.0,0.0003521,0.0003521,0.0,universe_snapshot,good
ef555107,C9dJfTGUzhuqPWxh9mcDr66JZN4uzXh2gh9EWnEdpump,WAR,2026-03-11T02:45:00+00:00,2026-03-11T02:45:00+00:00,2026-03-11T02:50:00+00:00,0.0,0.0,0.0282,0.0282,0.0,universe_snapshot,good
ef555107,d4VnSVqaUBf3dTxUqdeD4L2ix3rvsEcis4kNv3npump,SIRI,2026-03-11T02:45:00+00:00,2026-03-11T02:45:00+00:00,2026-03-11T02:50:00+00:00,0.0,0.0,0.0001614,0.0001614,0.0,universe_snapshot,good
ef555107,mSoLzYCxHdYgdzU16g5QSh3i5K3z3KZK7ytfqcJm7So,mSOL,2026-03-11T02:45:00+00:00,2026-03-11T02:45:00+00:00,2026-03-11T02:50:00+00:00,0.0,0.0,116.77,116.8,0.000257,universe_snapshot,good
ef555107,1D2jtKqeNxfQ2bqwyG5UuL2pHNB4gqnz7YMKYQqpump,MWO,2026-03-11T02:45:00+00:00,2026-03-11T02:45:00+00:00,2026-03-11T02:50:00+00:00,0.0,0.0,0.0002608,0.0002608,0.0,universe_snapshot,good
ef555107,ukHH6c7mMyiWCf1b9pnWe25TSpkDDt3H5pQZgZ74J82,BOME,2026-03-11T02:45:00+00:00,2026-03-11T02:45:00+00:00,2026-03-11T02:50:00+00:00,0.0,0.0,0.0004192,0.0004192,0.0,universe_snapshot,good
ef555107,9BB6NFEcjBCtnNLFko2FqVQBq8HHM13kCyYcdQbgpump,Fartcoin ,2026-03-11T02:45:00+00:00,2026-03-11T02:45:00+00:00,2026-03-11T02:50:00+00:00,0.0,0.0,0.1539,0.1537,-0.0013,universe_snapshot,good
ef555107,DTWgi6rxhB8vLLvduTjDxEE5L3UNy6rtePoV4tQgpump,1%,2026-03-11T02:45:00+00:00,2026-03-11T02:45:00+00:00,2026-03-11T02:50:00+00:00,0.0,0.0,0.0001318,0.0001318,0.0,universe_snapshot,good
ef555107,DezXAZ8z7PnrnRJjz3wXBoRgixCa6xjnB7YaB1pPB263,Bonk,2026-03-11T02:45:00+00:00,2026-03-11T02:45:00+00:00,2026-03-11T02:50:00+00:00,0.0,0.0,5.892e-06,5.89e-06,-0.000339,universe_snapshot,good
ef555107,3guyMhp6p7USQUzwTYgXrKoer98rE398grT5RcPKpump,NemoClaw,2026-03-11T02:45:00+00:00,2026-03-11T02:45:00+00:00,2026-03-11T02:50:00+00:00,0.0,0.0,0.000116,0.000116,0.0,universe_snapshot,good
ef555107,52nVoVk3BimAtvu2y9q1gnxqgR8pmjcc3v3byGnCuBa,SCUBA,2026-03-11T02:45:00+00:00,2026-03-11T02:45:00+00:00,2026-03-11T02:50:00+00:00,0.0,0.0,0.0005216,0.0005216,0.0,universe_snapshot,good
ef555107,8FSsdMVHLxbNqgWDDq2ihhKx69ja7QP6ZW5xy1Z8pump,5,2026-03-11T02:45:00+00:00,2026-03-11T02:45:00+00:00,2026-03-11T02:50:00+00:00,0.0,0.0,0.0001624,0.0001624,0.0,universe_snapshot,good
ef555107,7oXNE1dbpHUp6dn1JF8pRgCtzfCy4P2FuBneWjZHpump,WhiteHouse,2026-03-11T02:45:00+00:00,2026-03-11T02:45:00+00:00,2026-03-11T02:50:00+00:00,0.0,0.0,0.0003338,0.0003338,0.0,universe_snapshot,good
ef555107,EZLLufinMrWSx6qwieexBbNjv6BUjcLF4pm6peZwpump,WSL,2026-03-11T02:45:00+00:00,2026-03-11T02:45:00+00:00,2026-03-11T02:50:00+00:00,0.0,0.0,0.0006375,0.0006375,0.0,universe_snapshot,good
ef555107,DUr5rZAfYduvihaiyMnfqgnhqYWbPWJXvK954qyTpump,SOLINU,2026-03-11T02:45:00+00:00,2026-03-11T02:45:00+00:00,2026-03-11T02:50:00+00:00,0.0,0.0,0.0001023,0.0001023,0.0,universe_snapshot,good
ef555107,AywAYdNJnSLSXwKWYxDciPjqGRnwp4iZdQptuuQTpump,MICHI,2026-03-11T02:45:00+00:00,2026-03-11T02:45:00+00:00,2026-03-11T02:50:00+00:00,0.0,0.0,0.00245,0.00245,0.0,universe_snapshot,good
ef555107,89S7oVB4hui8ceJqhHreWB7fcxdthfvoB7z2pfJtpump,abcdefg,2026-03-11T02:45:00+00:00,2026-03-11T02:45:00+00:00,2026-03-11T02:50:00+00:00,0.0,0.0,0.0003468,0.0003468,0.0,universe_snapshot,good
ef555107,EKpQGSJtjMFqKZ9KQanSqYXRcF8fBopzLHYxdM65zcjm,$WIF,2026-03-11T02:45:00+00:00,2026-03-11T02:45:00+00:00,2026-03-11T02:50:00+00:00,0.0,0.0,0.1621,0.1628,0.004318,universe_snapshot,good
ef555107,766whddpsQHS8wy7viUfmuGPrMri1kgGMFwfZMdepump,MONA,2026-03-11T02:45:00+00:00,2026-03-11T02:45:00+00:00,2026-03-11T02:50:00+00:00,0.0,0.0,0.0003598,0.0003598,0.0,universe_snapshot,good
ef555107,bSo13r4TkiE4KumL71LsHTPpL2euBYLFx6h9HP3piy1,bSOL,2026-03-11T02:45:00+00:00,2026-03-11T02:45:00+00:00,2026-03-11T02:50:00+00:00,0.0,0.0,109.67,109.71,0.000365,universe_snapshot,good
ef555107,9entUNqQgVdHHzMDTcje7WfGSPdP93SmLRXUAxt9pump,build,2026-03-11T02:45:00+00:00,2026-03-11T02:45:00+00:00,2026-03-11T02:50:00+00:00,0.0,0.0,1.521e-05,1.521e-05,0.0,universe_snapshot,good
ef555107,7GCihgDB8fe6KNjn2MYtkzZcRjQy3t9GHdC8uHYmW2hr,POPCAT,2026-03-11T02:45:00+00:00,2026-03-11T02:45:00+00:00,2026-03-11T02:50:00+00:00,0.0,0.0,0.05053,0.05053,0.0,universe_snapshot,good
ef555107,HBVnKYMkJVHSqm4WcYisGzZhWG4ugwdUgXk7UVYypump,Human,2026-03-11T02:45:00+00:00,2026-03-11T02:45:00+00:00,2026-03-11T02:50:00+00:00,0.0,0.0,3.203e-05,3.203e-05,0.0,universe_snapshot,good
ef555107,Hqr34r4nmmejFQ1YCmiVMpTkvG4eYSFPTtDuWgefpump,BNKTO,2026-03-11T02:45:00+00:00,2026-03-11T02:45:00+00:00,2026-03-11T02:50:00+00:00,0.0,0.0,9.608e-05,9.608e-05,0.0,universe_snapshot,good
ef555107,A8C3xuqscfmyLrte3VmTqrAq8kgMASius9AFNANwpump,FWOG,2026-03-11T02:45:00+00:00,2026-03-11T02:45:00+00:00,2026-03-11T02:50:00+00:00,0.0,0.0,0.005852,0.005852,0.0,universe_snapshot,good
ef555107,2qEHjDLDLbuBgRYvsxhc5D6uDWAivNFZGan56P1tpump,Pnut ,2026-03-11T02:45:00+00:00,2026-03-11T02:45:00+00:00,2026-03-11T02:50:00+00:00,0.0,0.0,0.04429,0.04429,0.0,universe_snapshot,good
ef555107,36zfVDk4jxt89p314nQ1u4DWfwvmht8NQLmpNxNipump,TopGoy,2026-03-11T02:45:00+00:00,2026-03-11T02:45:00+00:00,2026-03-11T02:50:00+00:00,0.0,0.0,5.558e-06,5.558e-06,0.0,universe_snapshot,good
ef555107,Df6yfrKC8kZE3KNkrHERKzAetSxbrWeniQfyJY4Jpump,CHILLGUY,2026-03-11T02:45:00+00:00,2026-03-11T02:45:00+00:00,2026-03-11T02:50:00+00:00,0.0,0.0,0.009417,0.009386,-0.003292,universe_snapshot,good
ef555107,HZ1JovNiVvGrGNiiYvEozEVgZ58xaU3RKwX8eACQBCt3,PYTH,2026-03-11T02:45:00+00:00,2026-03-11T02:45:00+00:00,2026-03-11T02:50:00+00:00,0.0,0.0,0.04585,0.04585,0.0,universe_snapshot,good
